-- phpMyAdmin SQL Dump
-- version 4.0.10.18
-- https://www.phpmyadmin.net
--
-- Host: localhost:3306
-- Generation Time: Aug 24, 2017 at 12:47 PM
-- Server version: 5.6.35-cll-lve
-- PHP Version: 5.6.30

SET SQL_MODE = "NO_AUTO_VALUE_ON_ZERO";
SET time_zone = "+00:00";


/*!40101 SET @OLD_CHARACTER_SET_CLIENT=@@CHARACTER_SET_CLIENT */;
/*!40101 SET @OLD_CHARACTER_SET_RESULTS=@@CHARACTER_SET_RESULTS */;
/*!40101 SET @OLD_COLLATION_CONNECTION=@@COLLATION_CONNECTION */;
/*!40101 SET NAMES utf8 */;

--
-- Database: `eats`
--

-- --------------------------------------------------------

--
-- Table structure for table `Cart`
--

CREATE TABLE IF NOT EXISTS `Cart` (
  `ID` int(255) NOT NULL AUTO_INCREMENT,
  `ItemID` varchar(50) NOT NULL,
  `RestID` varchar(50) NOT NULL,
  `Quant` int(100) NOT NULL,
  `Price` varchar(1000) NOT NULL,
  `UserID` varchar(50) NOT NULL,
  PRIMARY KEY (`ID`),
  UNIQUE KEY `my_unique_key` (`UserID`,`ItemID`)
) ENGINE=MyISAM  DEFAULT CHARSET=latin1 AUTO_INCREMENT=27 ;

--
-- Dumping data for table `Cart`
--

INSERT INTO `Cart` (`ID`, `ItemID`, `RestID`, `Quant`, `Price`, `UserID`) VALUES
(1, '7', '', 0, '', 'hemanth.kandula@gmail.com'),
(2, '8', '', 0, '', 'hemanth.kandula@gmail.com'),
(3, '9', '', 0, '', 'hemanth.kandula@gmail.com'),
(4, '10', '', 0, '', 'hemanth.kandula@gmail.com'),
(5, '22', '', 0, '', 'hemanth.kandula@gmail.com'),
(6, '12', '', 0, '', 'hemanth.kandula@gmail.com'),
(7, '11', '', 0, '', 'hemanth.kandula@gmail.com'),
(24, '345', '', 1, '', 'srinivas.shikar@gmail.com'),
(23, '1', '', 2, '', 'srinivas.shikar@gmail.com'),
(15, '2', '', 0, '', 'hemanth.kandula@gmail.com'),
(16, '2', '', 0, '', ''),
(17, '4', '', 0, '', 'hemanth.kandula@gmail.com'),
(18, '4', '', 0, '', ''),
(19, '10', '', 2, '', 'srinivas.shikar@gmail.com'),
(20, '9', '', 3, '', 'srinivas.shikar@gmail.com'),
(21, '8', '', 1, '', 'srinivas.shikar@gmail.com'),
(22, '7', '', 1, '', 'srinivas.shikar@gmail.com'),
(25, '323', '', 1, '', 'srinivas.shikar@gmail.com'),
(26, '15', '', 1, '', 'hemanth.kandula@gmail.com');

-- --------------------------------------------------------

--
-- Table structure for table `Cat`
--

CREATE TABLE IF NOT EXISTS `Cat` (
  `ID` int(100) NOT NULL AUTO_INCREMENT,
  `CAT` text NOT NULL,
  `URL` text NOT NULL,
  PRIMARY KEY (`ID`)
) ENGINE=MyISAM  DEFAULT CHARSET=latin1 AUTO_INCREMENT=24 ;

--
-- Dumping data for table `Cat`
--

INSERT INTO `Cat` (`ID`, `CAT`, `URL`) VALUES
(1, 'STARTERS', 'https://encrypted-tbn0.gstatic.com/images?q=tbn:ANd9GcQeUt6OuuuzP6rX82a66X8RrWoVbcfLOTSCmygJ9RgiwT-G0d20iw'),
(2, 'CHINEESE', 'https://encrypted-tbn0.gstatic.com/images?q=tbn:ANd9GcQeUt6OuuuzP6rX82a66X8RrWoVbcfLOTSCmygJ9RgiwT-G0d20iw'),
(3, 'DESERTS ', 'https://encrypted-tbn0.gstatic.com/images?q=tbn:ANd9GcQeUt6OuuuzP6rX82a66X8RrWoVbcfLOTSCmygJ9RgiwT-G0d20iw'),
(4, 'DRINKS', 'https://encrypted-tbn0.gstatic.com/images?q=tbn:ANd9GcQeUt6OuuuzP6rX82a66X8RrWoVbcfLOTSCmygJ9RgiwT-G0d20iw'),
(5, 'TAVERN', 'http://www.forketers.com/wp-content/uploads/2016/06/tavern.jpg'),
(6, 'PIZZERIA', 'http://www.forketers.com/wp-content/uploads/2016/03/italian-restaurant.jpg'),
(7, 'AMERICAN FOOD', 'http://x1.sdimgs.com/img/restaurant/cuisine_list/american_food.gif'),
(8, 'JAPANESE FOOD', 'http://x1.sdimgs.com/img/restaurant/cuisine_list/japanese_food.gif'),
(9, 'INTERNATIONAL FOOD', 'http://x1.sdimgs.com/img/restaurant/cuisine_list/international_food.gif'),
(10, 'EXOTIC FOOD', 'http://x1.sdimgs.com/img/restaurant/cuisine_list/exotic_food.gif'),
(11, 'EXOTIC FOOD', 'http://x1.sdimgs.com/img/restaurant/cuisine_list/exotic_food.gif'),
(12, 'MEXICAN FOOD', 'https://www.herinterest.com/wp-content/uploads/2015/02/mexican.jpg'),
(13, 'CAJUN FOOD', 'https://www.herinterest.com/wp-content/uploads/2015/02/cajun.jpg'),
(14, 'SOUL FOOD', 'https://www.herinterest.com/wp-content/uploads/2015/02/soul-food.jpg'),
(15, 'THAI  FOOD', 'https://www.herinterest.com/wp-content/uploads/2015/02/thai.jpg'),
(16, 'GREEK   FOOD', 'https://www.herinterest.com/wp-content/uploads/2015/02/greek.jpg'),
(17, 'LEBANESE FOOD', 'https://www.herinterest.com/wp-content/uploads/2015/02/lebanese.jpg'),
(18, 'JAPANESE FOOD', 'https://www.herinterest.com/wp-content/uploads/2015/02/japanese.jpg'),
(19, 'MEDITERRANEAN CUISINE', 'https://www.herinterest.com/wp-content/uploads/2015/02/hummus.jpg'),
(20, 'SPANISH CUISINE', 'https://www.herinterest.com/wp-content/uploads/2015/02/spanish.jpg'),
(21, 'TURKISH CUISINE', 'https://www.herinterest.com/wp-content/uploads/2015/02/turkish.jpg'),
(22, 'TURKISH CUISINE', 'https://www.herinterest.com/wp-content/uploads/2015/02/turkish.jpg'),
(23, 'CARIBBEAN FOOD', 'https://www.herinterest.com/wp-content/uploads/2015/02/caribbean.jpg');

-- --------------------------------------------------------

--
-- Table structure for table `Customer`
--

CREATE TABLE IF NOT EXISTS `Customer` (
  `ID` int(40) NOT NULL AUTO_INCREMENT,
  `Firstname` varchar(40) NOT NULL,
  `Lastname` varchar(40) NOT NULL,
  `PhoneNO` varchar(15) NOT NULL,
  `Email` varchar(50) NOT NULL,
  `PlaceID` varchar(100) NOT NULL,
  PRIMARY KEY (`ID`)
) ENGINE=MyISAM  DEFAULT CHARSET=latin1 AUTO_INCREMENT=3 ;

--
-- Dumping data for table `Customer`
--

INSERT INTO `Customer` (`ID`, `Firstname`, `Lastname`, `PhoneNO`, `Email`, `PlaceID`) VALUES
(1, '$userName ', '', '$Phone', '$EmailId', '$placeid'),
(2, 'fff ', '', '79', '10', 'yoo');

-- --------------------------------------------------------

--
-- Table structure for table `LikedRest`
--

CREATE TABLE IF NOT EXISTS `LikedRest` (
  `RestarentID` varchar(50) NOT NULL,
  `UserID` varchar(40) NOT NULL,
  `Ranking` varchar(10) NOT NULL,
  `ID` int(11) NOT NULL
) ENGINE=MyISAM DEFAULT CHARSET=latin1;

-- --------------------------------------------------------

--
-- Table structure for table `remotebot`
--

CREATE TABLE IF NOT EXISTS `remotebot` (
  `value` int(11) NOT NULL
) ENGINE=MyISAM DEFAULT CHARSET=latin1;

--
-- Dumping data for table `remotebot`
--

INSERT INTO `remotebot` (`value`) VALUES
(0),
(0);

-- --------------------------------------------------------

--
-- Table structure for table `Restaurants`
--

CREATE TABLE IF NOT EXISTS `Restaurants` (
  `RestID` varchar(40) CHARACTER SET latin1 NOT NULL,
  `Lat` varchar(100) COLLATE utf16_unicode_ci NOT NULL,
  `Longi` varchar(40) COLLATE utf16_unicode_ci NOT NULL,
  `URL` varchar(1000) CHARACTER SET utf8 COLLATE utf8_unicode_ci NOT NULL,
  `PlaceID` varchar(50) CHARACTER SET latin1 NOT NULL,
  `Name` varchar(50) CHARACTER SET latin1 NOT NULL,
  `Rating` int(10) NOT NULL,
  `ContactEmail` varchar(50) CHARACTER SET latin1 NOT NULL,
  `PhoneNo` varchar(20) CHARACTER SET latin1 NOT NULL,
  `about` varchar(100) CHARACTER SET latin1 NOT NULL,
  PRIMARY KEY (`RestID`),
  UNIQUE KEY `PlaceID` (`PlaceID`),
  UNIQUE KEY `RestID` (`RestID`)
) ENGINE=MyISAM DEFAULT CHARSET=utf16 COLLATE=utf16_unicode_ci;

--
-- Dumping data for table `Restaurants`
--

INSERT INTO `Restaurants` (`RestID`, `Lat`, `Longi`, `URL`, `PlaceID`, `Name`, `Rating`, `ContactEmail`, `PhoneNo`, `about`) VALUES
('1', '10.73030', '79.009439', 'https://encrypted-tbn0.gstatic.com/images?q=tbn:ANd9GcR7MgT93fCTJVE8Ry0wcSUMsWJtfsytCjLpljWO6uumguBOXzWUFvIbtSFX', 'dd', 'Acapulco Gold\n', 7, 'hem@gm', '2900', 'jfekw'),
('2', '10.73030', '79.025', 'https://encrypted-tbn0.gstatic.com/images?q=tbn:ANd9GcR8m7WMYz_DwUqiwFmb7CC5pNOib3LDfmBLv7JcfXwthLXqCQu8FA', 'd', 'Coffee Tsunami\n', 7, 'hem@gm', '2900', 'jfekw'),
('3', '10.73030', '79.019439', 'https://media-cdn.tripadvisor.com/media/photo-s/03/0e/d3/ec/tenkai-japanese-restaurant.jpg', 'ggggg', 'Gene Poulet\n', 8, 'ff@f.com', '', ''),
('4', '10.73030', '79.019439', 'https://encrypted-tbn0.gstatic.com/images?q=tbn:ANd9GcSBfwBkW90Ttga9tKXfk7-CppXyaHThSN_8a27-bzgqU2fOFA-r', 'aaa', 'Hot Trotsky\n', 0, '', '', ''),
('5', '10.73030', '79.019439', 'https://encrypted-tbn0.gstatic.com/images?q=tbn:ANd9GcQAFxgcmkOAkG8XJObaXaF4sIPdl3S9hlkziOQLzKVHayXT_4Yq', 'aasssa', 'Millennium Sandwich\n', 2, '', '', ''),
('6', '10.73030', '79.025', 'https://encrypted-tbn0.gstatic.com/images?q=tbn:ANd9GcTHeR_PDPklCc1iNstkk-RDqbd_SuOZuOgjbBi3Gpz7wGMCBdQd', 'aazsssa', 'Misty August Morning\n', 2, '', '', '');

-- --------------------------------------------------------

--
-- Table structure for table `RestItems`
--

CREATE TABLE IF NOT EXISTS `RestItems` (
  `ID` int(255) NOT NULL AUTO_INCREMENT,
  `RestID` varchar(40) COLLATE utf16_unicode_ci NOT NULL,
  `Name` varchar(40) CHARACTER SET latin1 NOT NULL,
  `ItemName` varchar(40) CHARACTER SET latin1 NOT NULL,
  `Cat` varchar(40) CHARACTER SET latin1 NOT NULL,
  `URL` text COLLATE utf16_unicode_ci NOT NULL,
  `price` varchar(10) COLLATE utf16_unicode_ci NOT NULL,
  `top5` varchar(11) COLLATE utf16_unicode_ci DEFAULT NULL,
  `TIME` int(10) NOT NULL DEFAULT '1',
  `itemdetails` varchar(500) COLLATE utf16_unicode_ci NOT NULL,
  PRIMARY KEY (`ID`)
) ENGINE=MyISAM  DEFAULT CHARSET=utf16 COLLATE=utf16_unicode_ci AUTO_INCREMENT=353 ;

--
-- Dumping data for table `RestItems`
--

INSERT INTO `RestItems` (`ID`, `RestID`, `Name`, `ItemName`, `Cat`, `URL`, `price`, `top5`, `TIME`, `itemdetails`) VALUES
(1, '1', 'restname1', 'item1', '1', 'https://encrypted-tbn0.gstatic.com/images?q=tbn:ANd9GcSCRYJgbd22j67YAsGaABVltgjwIgBPfdG9i3MV-7iC3P54vFvBqp2LkwA', '150', '', 1, ' dDetails about each item here  '),
(2, '1', 'restname1', 'item2', '1', 'https://encrypted-tbn0.gstatic.com/images?q=tbn:ANd9GcRgjvCHq1iKyGzsFev9ot4UxIDf42YbxjrllEDHq-bmn4ZnRd12', '250', '', 2, ' dDetails about each item here  '),
(3, '1', 'restname1', 'item3', '1', 'http://dev.takepart.com/sites/default/files/styles/tp_gallery_slide/public/lutherddbig-itok=Xtgab0yg.jpg', '250', '1', 2, ' dDetails about each item here  '),
(4, '1', 'restname1', 'item4', '1', 'https://encrypted-tbn0.gstatic.com/images?q=tbn:ANd9GcQa5PAbj_myvF2GFaZqp-Trm9u0SW6GHrbw-pDO9Ckt7_RjxfG09w', '250', '', 2, ' dDetails about each item here  '),
(5, '1', 'restname1', 'item5', '6', 'https://encrypted-tbn0.gstatic.com/images?q=tbn:ANd9GcRaSjnPjlqisGpaWpZSQMann2A5McI-yIwtK66I87Kjcqf3P_zf', '250', '', 2, ' dDetails about each item here  '),
(6, '1', 'restname1', 'item6', '2', 'https://encrypted-tbn0.gstatic.com/images?q=tbn:ANd9GcSBewKk6Yi4pikguv3XejrS_cOQ-qSQ-OwDO1ZyfP3mkwDiO2sveg', '250', '', 2, ' dDetails about each item here  '),
(7, '1', 'restname1', 'item1', '2', 'https://encrypted-tbn0.gstatic.com/images?q=tbn:ANd9GcSCRYJgbd22j67YAsGaABVltgjwIgBPfdG9i3MV-7iC3P54vFvBqp2LkwA', '550', '', 1, ' dDetails about each item here  '),
(8, '1', 'restname1', 'item5', '3', 'https://encrypted-tbn0.gstatic.com/images?q=tbn:ANd9GcRaSjnPjlqisGpaWpZSQMann2A5McI-yIwtK66I87Kjcqf3P_zf', '550', '4', 1, ' dDetails about each item here  '),
(9, '1', 'restname1', 'item4', '3', 'https://encrypted-tbn0.gstatic.com/images?q=tbn:ANd9GcQa5PAbj_myvF2GFaZqp-Trm9u0SW6GHrbw-pDO9Ckt7_RjxfG09w', '550', '', 1, ' dDetails about each item here  '),
(10, '1', 'restname1', 'item3', '4', 'http://dev.takepart.com/sites/default/files/styles/tp_gallery_slide/public/lutherddbig-itok=Xtgab0yg.jpg', '550', '', 1, ' dDetails about each item here  '),
(11, '1', 'restname1', 'item2', '7', 'https://encrypted-tbn0.gstatic.com/images?q=tbn:ANd9GcRgjvCHq1iKyGzsFev9ot4UxIDf42YbxjrllEDHq-bmn4ZnRd12', '550', '2', 1, ' dDetails about each item here  '),
(12, '1', 'restname1', 'item1', '7', 'https://encrypted-tbn0.gstatic.com/images?q=tbn:ANd9GcSCRYJgbd22j67YAsGaABVltgjwIgBPfdG9i3MV-7iC3P54vFvBqp2LkwA', '550', '', 1, ' dDetails about each item here  '),
(13, '1', 'restname1', 'item1', '7', 'https://encrypted-tbn0.gstatic.com/images?q=tbn:ANd9GcSCRYJgbd22j67YAsGaABVltgjwIgBPfdG9i3MV-7iC3P54vFvBqp2LkwA', '1550', '', 3, ' dDetails about each item here  '),
(14, '1', 'restname1', 'item2', '7', 'https://encrypted-tbn0.gstatic.com/images?q=tbn:ANd9GcRgjvCHq1iKyGzsFev9ot4UxIDf42YbxjrllEDHq-bmn4ZnRd12', '1550', '5', 3, ' dDetails about each item here  '),
(15, '1', 'restname1', 'item3', '8', 'http://dev.takepart.com/sites/default/files/styles/tp_gallery_slide/public/lutherddbig-itok=Xtgab0yg.jpg', '1550', '', 3, ' dDetails about each item here  '),
(16, '1', 'restname1', 'item4', '4', 'https://encrypted-tbn0.gstatic.com/images?q=tbn:ANd9GcQa5PAbj_myvF2GFaZqp-Trm9u0SW6GHrbw-pDO9Ckt7_RjxfG09w', '1550', '', 3, ' dDetails about each item here  '),
(17, '1', 'restname1', 'item5', '4', 'https://encrypted-tbn0.gstatic.com/images?q=tbn:ANd9GcRaSjnPjlqisGpaWpZSQMann2A5McI-yIwtK66I87Kjcqf3P_zf', '1550', '', 3, ' dDetails about each item here  '),
(18, '1', 'restname1', 'item2', '5', 'https://encrypted-tbn0.gstatic.com/images?q=tbn:ANd9GcRgjvCHq1iKyGzsFev9ot4UxIDf42YbxjrllEDHq-bmn4ZnRd12', '150', '3', 1, ' dDetails about each item here  '),
(19, '1', 'restname1', 'item3', '5', 'http://dev.takepart.com/sites/default/files/styles/tp_gallery_slide/public/lutherddbig-itok=Xtgab0yg.jpg', '150', '', 1, ' dDetails about each item here  '),
(20, '1', 'restname1', 'item3', '5', 'http://dev.takepart.com/sites/default/files/styles/tp_gallery_slide/public/lutherddbig-itok=Xtgab0yg.jpg', '150', '', 1, ' dDetails about each item here  '),
(21, '1', 'restname1', 'item1', '5', 'https://encrypted-tbn0.gstatic.com/images?q=tbn:ANd9GcSCRYJgbd22j67YAsGaABVltgjwIgBPfdG9i3MV-7iC3P54vFvBqp2LkwA', '15', '', 1, ' dDetails about each item here  '),
(22, '1', 'restname1', 'item2', '5', 'https://encrypted-tbn0.gstatic.com/images?q=tbn:ANd9GcRgjvCHq1iKyGzsFev9ot4UxIDf42YbxjrllEDHq-bmn4ZnRd12', '15', '', 1, ' dDetails about each item here  '),
(23, '2', 'restname1', 'item1', '1', 'https://encrypted-tbn0.gstatic.com/images?q=tbn:ANd9GcSCRYJgbd22j67YAsGaABVltgjwIgBPfdG9i3MV-7iC3P54vFvBqp2LkwA', '150', '', 1, ' dDetails about each item here  '),
(24, '2', 'restname1', 'item2', '1', 'https://encrypted-tbn0.gstatic.com/images?q=tbn:ANd9GcRgjvCHq1iKyGzsFev9ot4UxIDf42YbxjrllEDHq-bmn4ZnRd12', '250', '', 2, ' dDetails about each item here  '),
(25, '2', 'restname1', 'item3', '1', 'http://dev.takepart.com/sites/default/files/styles/tp_gallery_slide/public/lutherddbig-itok=Xtgab0yg.jpg', '250', '1', 2, ' dDetails about each item here  '),
(26, '2', 'restname1', 'item4', '1', 'https://encrypted-tbn0.gstatic.com/images?q=tbn:ANd9GcQa5PAbj_myvF2GFaZqp-Trm9u0SW6GHrbw-pDO9Ckt7_RjxfG09w', '250', '', 2, ' dDetails about each item here  '),
(27, '2', 'restname1', 'item5', '6', 'https://encrypted-tbn0.gstatic.com/images?q=tbn:ANd9GcRaSjnPjlqisGpaWpZSQMann2A5McI-yIwtK66I87Kjcqf3P_zf', '250', '', 2, ' dDetails about each item here  '),
(28, '2', 'restname1', 'item6', '2', 'https://encrypted-tbn0.gstatic.com/images?q=tbn:ANd9GcSBewKk6Yi4pikguv3XejrS_cOQ-qSQ-OwDO1ZyfP3mkwDiO2sveg', '250', '', 2, ' dDetails about each item here  '),
(29, '2', 'restname1', 'item1', '2', 'https://encrypted-tbn0.gstatic.com/images?q=tbn:ANd9GcSCRYJgbd22j67YAsGaABVltgjwIgBPfdG9i3MV-7iC3P54vFvBqp2LkwA', '550', '', 1, ' dDetails about each item here  '),
(30, '2', 'restname1', 'item5', '3', 'https://encrypted-tbn0.gstatic.com/images?q=tbn:ANd9GcRaSjnPjlqisGpaWpZSQMann2A5McI-yIwtK66I87Kjcqf3P_zf', '550', '4', 1, ' dDetails about each item here  '),
(31, '2', 'restname1', 'item4', '3', 'https://encrypted-tbn0.gstatic.com/images?q=tbn:ANd9GcQa5PAbj_myvF2GFaZqp-Trm9u0SW6GHrbw-pDO9Ckt7_RjxfG09w', '550', '', 1, ' dDetails about each item here  '),
(32, '2', 'restname1', 'item3', '4', 'http://dev.takepart.com/sites/default/files/styles/tp_gallery_slide/public/lutherddbig-itok=Xtgab0yg.jpg', '550', '', 1, ' dDetails about each item here  '),
(33, '2', 'restname1', 'item2', '7', 'https://encrypted-tbn0.gstatic.com/images?q=tbn:ANd9GcRgjvCHq1iKyGzsFev9ot4UxIDf42YbxjrllEDHq-bmn4ZnRd12', '550', '2', 1, ' dDetails about each item here  '),
(34, '2', 'restname1', 'item1', '7', 'https://encrypted-tbn0.gstatic.com/images?q=tbn:ANd9GcSCRYJgbd22j67YAsGaABVltgjwIgBPfdG9i3MV-7iC3P54vFvBqp2LkwA', '550', '', 1, ' dDetails about each item here  '),
(35, '2', 'restname1', 'item1', '7', 'https://encrypted-tbn0.gstatic.com/images?q=tbn:ANd9GcSCRYJgbd22j67YAsGaABVltgjwIgBPfdG9i3MV-7iC3P54vFvBqp2LkwA', '1550', '', 3, ' dDetails about each item here  '),
(36, '2', 'restname1', 'item2', '7', 'https://encrypted-tbn0.gstatic.com/images?q=tbn:ANd9GcRgjvCHq1iKyGzsFev9ot4UxIDf42YbxjrllEDHq-bmn4ZnRd12', '1550', '5', 3, ' dDetails about each item here  '),
(37, '2', 'restname1', 'item3', '8', 'http://dev.takepart.com/sites/default/files/styles/tp_gallery_slide/public/lutherddbig-itok=Xtgab0yg.jpg', '1550', '', 3, ' dDetails about each item here  '),
(38, '2', 'restname1', 'item4', '4', 'https://encrypted-tbn0.gstatic.com/images?q=tbn:ANd9GcQa5PAbj_myvF2GFaZqp-Trm9u0SW6GHrbw-pDO9Ckt7_RjxfG09w', '1550', '', 3, ' dDetails about each item here  '),
(39, '2', 'restname1', 'item5', '4', 'https://encrypted-tbn0.gstatic.com/images?q=tbn:ANd9GcRaSjnPjlqisGpaWpZSQMann2A5McI-yIwtK66I87Kjcqf3P_zf', '1550', '', 3, ' dDetails about each item here  '),
(40, '2', 'restname1', 'item2', '5', 'https://encrypted-tbn0.gstatic.com/images?q=tbn:ANd9GcRgjvCHq1iKyGzsFev9ot4UxIDf42YbxjrllEDHq-bmn4ZnRd12', '150', '3', 1, ' dDetails about each item here  '),
(41, '2', 'restname1', 'item3', '5', 'http://dev.takepart.com/sites/default/files/styles/tp_gallery_slide/public/lutherddbig-itok=Xtgab0yg.jpg', '150', '', 1, ' dDetails about each item here  '),
(42, '2', 'restname1', 'item3', '5', 'http://dev.takepart.com/sites/default/files/styles/tp_gallery_slide/public/lutherddbig-itok=Xtgab0yg.jpg', '150', '', 1, ' dDetails about each item here  '),
(43, '2', 'restname1', 'item1', '5', 'https://encrypted-tbn0.gstatic.com/images?q=tbn:ANd9GcSCRYJgbd22j67YAsGaABVltgjwIgBPfdG9i3MV-7iC3P54vFvBqp2LkwA', '15', '', 1, ' dDetails about each item here  '),
(44, '2', 'restname1', 'item2', '5', 'https://encrypted-tbn0.gstatic.com/images?q=tbn:ANd9GcRgjvCHq1iKyGzsFev9ot4UxIDf42YbxjrllEDHq-bmn4ZnRd12', '15', '', 1, ' dDetails about each item here  '),
(45, '3', 'restname1', 'item1', '1', 'https://encrypted-tbn0.gstatic.com/images?q=tbn:ANd9GcSCRYJgbd22j67YAsGaABVltgjwIgBPfdG9i3MV-7iC3P54vFvBqp2LkwA', '150', '', 1, ' dDetails about each item here  '),
(46, '3', 'restname1', 'item2', '1', 'https://encrypted-tbn0.gstatic.com/images?q=tbn:ANd9GcRgjvCHq1iKyGzsFev9ot4UxIDf42YbxjrllEDHq-bmn4ZnRd12', '250', '', 2, ' dDetails about each item here  '),
(47, '3', 'restname1', 'item3', '1', 'http://dev.takepart.com/sites/default/files/styles/tp_gallery_slide/public/lutherddbig-itok=Xtgab0yg.jpg', '250', '1', 2, ' dDetails about each item here  '),
(48, '3', 'restname1', 'item4', '1', 'https://encrypted-tbn0.gstatic.com/images?q=tbn:ANd9GcQa5PAbj_myvF2GFaZqp-Trm9u0SW6GHrbw-pDO9Ckt7_RjxfG09w', '250', '', 2, ' dDetails about each item here  '),
(49, '3', 'restname1', 'item5', '6', 'https://encrypted-tbn0.gstatic.com/images?q=tbn:ANd9GcRaSjnPjlqisGpaWpZSQMann2A5McI-yIwtK66I87Kjcqf3P_zf', '250', '', 2, ' dDetails about each item here  '),
(50, '3', 'restname1', 'item6', '2', 'https://encrypted-tbn0.gstatic.com/images?q=tbn:ANd9GcSBewKk6Yi4pikguv3XejrS_cOQ-qSQ-OwDO1ZyfP3mkwDiO2sveg', '250', '', 2, ' dDetails about each item here  '),
(51, '3', 'restname1', 'item1', '2', 'https://encrypted-tbn0.gstatic.com/images?q=tbn:ANd9GcSCRYJgbd22j67YAsGaABVltgjwIgBPfdG9i3MV-7iC3P54vFvBqp2LkwA', '550', '', 1, ' dDetails about each item here  '),
(52, '3', 'restname1', 'item5', '3', 'https://encrypted-tbn0.gstatic.com/images?q=tbn:ANd9GcRaSjnPjlqisGpaWpZSQMann2A5McI-yIwtK66I87Kjcqf3P_zf', '550', '4', 1, ' dDetails about each item here  '),
(53, '3', 'restname1', 'item4', '3', 'https://encrypted-tbn0.gstatic.com/images?q=tbn:ANd9GcQa5PAbj_myvF2GFaZqp-Trm9u0SW6GHrbw-pDO9Ckt7_RjxfG09w', '550', '', 1, ' dDetails about each item here  '),
(54, '3', 'restname1', 'item3', '4', 'http://dev.takepart.com/sites/default/files/styles/tp_gallery_slide/public/lutherddbig-itok=Xtgab0yg.jpg', '550', '', 1, ' dDetails about each item here  '),
(55, '3', 'restname1', 'item2', '7', 'https://encrypted-tbn0.gstatic.com/images?q=tbn:ANd9GcRgjvCHq1iKyGzsFev9ot4UxIDf42YbxjrllEDHq-bmn4ZnRd12', '550', '2', 1, ' dDetails about each item here  '),
(56, '3', 'restname1', 'item1', '7', 'https://encrypted-tbn0.gstatic.com/images?q=tbn:ANd9GcSCRYJgbd22j67YAsGaABVltgjwIgBPfdG9i3MV-7iC3P54vFvBqp2LkwA', '550', '', 1, ' dDetails about each item here  '),
(57, '3', 'restname1', 'item1', '7', 'https://encrypted-tbn0.gstatic.com/images?q=tbn:ANd9GcSCRYJgbd22j67YAsGaABVltgjwIgBPfdG9i3MV-7iC3P54vFvBqp2LkwA', '1550', '', 3, ' dDetails about each item here  '),
(58, '3', 'restname1', 'item2', '7', 'https://encrypted-tbn0.gstatic.com/images?q=tbn:ANd9GcRgjvCHq1iKyGzsFev9ot4UxIDf42YbxjrllEDHq-bmn4ZnRd12', '1550', '5', 3, ' dDetails about each item here  '),
(59, '3', 'restname1', 'item3', '8', 'http://dev.takepart.com/sites/default/files/styles/tp_gallery_slide/public/lutherddbig-itok=Xtgab0yg.jpg', '1550', '', 3, ' dDetails about each item here  '),
(60, '3', 'restname1', 'item4', '4', 'https://encrypted-tbn0.gstatic.com/images?q=tbn:ANd9GcQa5PAbj_myvF2GFaZqp-Trm9u0SW6GHrbw-pDO9Ckt7_RjxfG09w', '1550', '', 3, ' dDetails about each item here  '),
(61, '3', 'restname1', 'item5', '4', 'https://encrypted-tbn0.gstatic.com/images?q=tbn:ANd9GcRaSjnPjlqisGpaWpZSQMann2A5McI-yIwtK66I87Kjcqf3P_zf', '1550', '', 3, ' dDetails about each item here  '),
(62, '3', 'restname1', 'item2', '5', 'https://encrypted-tbn0.gstatic.com/images?q=tbn:ANd9GcRgjvCHq1iKyGzsFev9ot4UxIDf42YbxjrllEDHq-bmn4ZnRd12', '150', '3', 1, ' dDetails about each item here  '),
(63, '3', 'restname1', 'item3', '5', 'http://dev.takepart.com/sites/default/files/styles/tp_gallery_slide/public/lutherddbig-itok=Xtgab0yg.jpg', '150', '', 1, ' dDetails about each item here  '),
(64, '3', 'restname1', 'item3', '5', 'http://dev.takepart.com/sites/default/files/styles/tp_gallery_slide/public/lutherddbig-itok=Xtgab0yg.jpg', '150', '', 1, ' dDetails about each item here  '),
(65, '3', 'restname1', 'item1', '5', 'https://encrypted-tbn0.gstatic.com/images?q=tbn:ANd9GcSCRYJgbd22j67YAsGaABVltgjwIgBPfdG9i3MV-7iC3P54vFvBqp2LkwA', '15', '', 1, ' dDetails about each item here  '),
(66, '3', 'restname1', 'item2', '5', 'https://encrypted-tbn0.gstatic.com/images?q=tbn:ANd9GcRgjvCHq1iKyGzsFev9ot4UxIDf42YbxjrllEDHq-bmn4ZnRd12', '15', '', 1, ' dDetails about each item here  '),
(67, '3', 'restname1', 'item1', '1', 'https://encrypted-tbn0.gstatic.com/images?q=tbn:ANd9GcSCRYJgbd22j67YAsGaABVltgjwIgBPfdG9i3MV-7iC3P54vFvBqp2LkwA', '150', '', 1, ' dDetails about each item here  '),
(68, '3', 'restname1', 'item2', '1', 'https://encrypted-tbn0.gstatic.com/images?q=tbn:ANd9GcRgjvCHq1iKyGzsFev9ot4UxIDf42YbxjrllEDHq-bmn4ZnRd12', '250', '', 2, ' dDetails about each item here  '),
(69, '3', 'restname1', 'item3', '1', 'http://dev.takepart.com/sites/default/files/styles/tp_gallery_slide/public/lutherddbig-itok=Xtgab0yg.jpg', '250', '1', 2, ' dDetails about each item here  '),
(70, '3', 'restname1', 'item4', '1', 'https://encrypted-tbn0.gstatic.com/images?q=tbn:ANd9GcQa5PAbj_myvF2GFaZqp-Trm9u0SW6GHrbw-pDO9Ckt7_RjxfG09w', '250', '', 2, ' dDetails about each item here  '),
(71, '3', 'restname1', 'item5', '6', 'https://encrypted-tbn0.gstatic.com/images?q=tbn:ANd9GcRaSjnPjlqisGpaWpZSQMann2A5McI-yIwtK66I87Kjcqf3P_zf', '250', '', 2, ' dDetails about each item here  '),
(72, '3', 'restname1', 'item6', '2', 'https://encrypted-tbn0.gstatic.com/images?q=tbn:ANd9GcSBewKk6Yi4pikguv3XejrS_cOQ-qSQ-OwDO1ZyfP3mkwDiO2sveg', '250', '', 2, ' dDetails about each item here  '),
(73, '3', 'restname1', 'item1', '2', 'https://encrypted-tbn0.gstatic.com/images?q=tbn:ANd9GcSCRYJgbd22j67YAsGaABVltgjwIgBPfdG9i3MV-7iC3P54vFvBqp2LkwA', '550', '', 1, ' dDetails about each item here  '),
(74, '3', 'restname1', 'item5', '3', 'https://encrypted-tbn0.gstatic.com/images?q=tbn:ANd9GcRaSjnPjlqisGpaWpZSQMann2A5McI-yIwtK66I87Kjcqf3P_zf', '550', '4', 1, ' dDetails about each item here  '),
(75, '3', 'restname1', 'item4', '3', 'https://encrypted-tbn0.gstatic.com/images?q=tbn:ANd9GcQa5PAbj_myvF2GFaZqp-Trm9u0SW6GHrbw-pDO9Ckt7_RjxfG09w', '550', '', 1, ' dDetails about each item here  '),
(76, '3', 'restname1', 'item3', '4', 'http://dev.takepart.com/sites/default/files/styles/tp_gallery_slide/public/lutherddbig-itok=Xtgab0yg.jpg', '550', '', 1, ' dDetails about each item here  '),
(77, '3', 'restname1', 'item2', '7', 'https://encrypted-tbn0.gstatic.com/images?q=tbn:ANd9GcRgjvCHq1iKyGzsFev9ot4UxIDf42YbxjrllEDHq-bmn4ZnRd12', '550', '2', 1, ' dDetails about each item here  '),
(78, '3', 'restname1', 'item1', '7', 'https://encrypted-tbn0.gstatic.com/images?q=tbn:ANd9GcSCRYJgbd22j67YAsGaABVltgjwIgBPfdG9i3MV-7iC3P54vFvBqp2LkwA', '550', '', 1, ' dDetails about each item here  '),
(79, '3', 'restname1', 'item1', '7', 'https://encrypted-tbn0.gstatic.com/images?q=tbn:ANd9GcSCRYJgbd22j67YAsGaABVltgjwIgBPfdG9i3MV-7iC3P54vFvBqp2LkwA', '1550', '', 3, ' dDetails about each item here  '),
(80, '3', 'restname1', 'item2', '7', 'https://encrypted-tbn0.gstatic.com/images?q=tbn:ANd9GcRgjvCHq1iKyGzsFev9ot4UxIDf42YbxjrllEDHq-bmn4ZnRd12', '1550', '5', 3, ' dDetails about each item here  '),
(81, '3', 'restname1', 'item3', '8', 'http://dev.takepart.com/sites/default/files/styles/tp_gallery_slide/public/lutherddbig-itok=Xtgab0yg.jpg', '1550', '', 3, ' dDetails about each item here  '),
(82, '3', 'restname1', 'item4', '4', 'https://encrypted-tbn0.gstatic.com/images?q=tbn:ANd9GcQa5PAbj_myvF2GFaZqp-Trm9u0SW6GHrbw-pDO9Ckt7_RjxfG09w', '1550', '', 3, ' dDetails about each item here  '),
(83, '3', 'restname1', 'item5', '4', 'https://encrypted-tbn0.gstatic.com/images?q=tbn:ANd9GcRaSjnPjlqisGpaWpZSQMann2A5McI-yIwtK66I87Kjcqf3P_zf', '1550', '', 3, ' dDetails about each item here  '),
(84, '3', 'restname1', 'item2', '5', 'https://encrypted-tbn0.gstatic.com/images?q=tbn:ANd9GcRgjvCHq1iKyGzsFev9ot4UxIDf42YbxjrllEDHq-bmn4ZnRd12', '150', '3', 1, ' dDetails about each item here  '),
(85, '3', 'restname1', 'item3', '5', 'http://dev.takepart.com/sites/default/files/styles/tp_gallery_slide/public/lutherddbig-itok=Xtgab0yg.jpg', '150', '', 1, ' dDetails about each item here  '),
(86, '3', 'restname1', 'item3', '5', 'http://dev.takepart.com/sites/default/files/styles/tp_gallery_slide/public/lutherddbig-itok=Xtgab0yg.jpg', '150', '', 1, ' dDetails about each item here  '),
(87, '3', 'restname1', 'item1', '5', 'https://encrypted-tbn0.gstatic.com/images?q=tbn:ANd9GcSCRYJgbd22j67YAsGaABVltgjwIgBPfdG9i3MV-7iC3P54vFvBqp2LkwA', '15', '', 1, ' dDetails about each item here  '),
(88, '3', 'restname1', 'item2', '5', 'https://encrypted-tbn0.gstatic.com/images?q=tbn:ANd9GcRgjvCHq1iKyGzsFev9ot4UxIDf42YbxjrllEDHq-bmn4ZnRd12', '15', '', 1, ' dDetails about each item here  '),
(89, '3', 'restname1', 'item1', '1', 'https://encrypted-tbn0.gstatic.com/images?q=tbn:ANd9GcSCRYJgbd22j67YAsGaABVltgjwIgBPfdG9i3MV-7iC3P54vFvBqp2LkwA', '150', '', 1, ' dDetails about each item here  '),
(90, '3', 'restname1', 'item2', '1', 'https://encrypted-tbn0.gstatic.com/images?q=tbn:ANd9GcRgjvCHq1iKyGzsFev9ot4UxIDf42YbxjrllEDHq-bmn4ZnRd12', '250', '', 2, ' dDetails about each item here  '),
(91, '3', 'restname1', 'item3', '1', 'http://dev.takepart.com/sites/default/files/styles/tp_gallery_slide/public/lutherddbig-itok=Xtgab0yg.jpg', '250', '1', 2, ' dDetails about each item here  '),
(92, '3', 'restname1', 'item4', '1', 'https://encrypted-tbn0.gstatic.com/images?q=tbn:ANd9GcQa5PAbj_myvF2GFaZqp-Trm9u0SW6GHrbw-pDO9Ckt7_RjxfG09w', '250', '', 2, ' dDetails about each item here  '),
(93, '3', 'restname1', 'item5', '6', 'https://encrypted-tbn0.gstatic.com/images?q=tbn:ANd9GcRaSjnPjlqisGpaWpZSQMann2A5McI-yIwtK66I87Kjcqf3P_zf', '250', '', 2, ' dDetails about each item here  '),
(94, '3', 'restname1', 'item6', '2', 'https://encrypted-tbn0.gstatic.com/images?q=tbn:ANd9GcSBewKk6Yi4pikguv3XejrS_cOQ-qSQ-OwDO1ZyfP3mkwDiO2sveg', '250', '', 2, ' dDetails about each item here  '),
(95, '3', 'restname1', 'item1', '2', 'https://encrypted-tbn0.gstatic.com/images?q=tbn:ANd9GcSCRYJgbd22j67YAsGaABVltgjwIgBPfdG9i3MV-7iC3P54vFvBqp2LkwA', '550', '', 1, ' dDetails about each item here  '),
(96, '3', 'restname1', 'item5', '3', 'https://encrypted-tbn0.gstatic.com/images?q=tbn:ANd9GcRaSjnPjlqisGpaWpZSQMann2A5McI-yIwtK66I87Kjcqf3P_zf', '550', '4', 1, ' dDetails about each item here  '),
(97, '3', 'restname1', 'item4', '3', 'https://encrypted-tbn0.gstatic.com/images?q=tbn:ANd9GcQa5PAbj_myvF2GFaZqp-Trm9u0SW6GHrbw-pDO9Ckt7_RjxfG09w', '550', '', 1, ' dDetails about each item here  '),
(98, '3', 'restname1', 'item3', '4', 'http://dev.takepart.com/sites/default/files/styles/tp_gallery_slide/public/lutherddbig-itok=Xtgab0yg.jpg', '550', '', 1, ' dDetails about each item here  '),
(99, '3', 'restname1', 'item2', '7', 'https://encrypted-tbn0.gstatic.com/images?q=tbn:ANd9GcRgjvCHq1iKyGzsFev9ot4UxIDf42YbxjrllEDHq-bmn4ZnRd12', '550', '2', 1, ' dDetails about each item here  '),
(100, '3', 'restname1', 'item1', '7', 'https://encrypted-tbn0.gstatic.com/images?q=tbn:ANd9GcSCRYJgbd22j67YAsGaABVltgjwIgBPfdG9i3MV-7iC3P54vFvBqp2LkwA', '550', '', 1, ' dDetails about each item here  '),
(101, '3', 'restname1', 'item1', '7', 'https://encrypted-tbn0.gstatic.com/images?q=tbn:ANd9GcSCRYJgbd22j67YAsGaABVltgjwIgBPfdG9i3MV-7iC3P54vFvBqp2LkwA', '1550', '', 3, ' dDetails about each item here  '),
(102, '3', 'restname1', 'item2', '7', 'https://encrypted-tbn0.gstatic.com/images?q=tbn:ANd9GcRgjvCHq1iKyGzsFev9ot4UxIDf42YbxjrllEDHq-bmn4ZnRd12', '1550', '5', 3, ' dDetails about each item here  '),
(103, '3', 'restname1', 'item3', '8', 'http://dev.takepart.com/sites/default/files/styles/tp_gallery_slide/public/lutherddbig-itok=Xtgab0yg.jpg', '1550', '', 3, ' dDetails about each item here  '),
(104, '3', 'restname1', 'item4', '4', 'https://encrypted-tbn0.gstatic.com/images?q=tbn:ANd9GcQa5PAbj_myvF2GFaZqp-Trm9u0SW6GHrbw-pDO9Ckt7_RjxfG09w', '1550', '', 3, ' dDetails about each item here  '),
(105, '3', 'restname1', 'item5', '4', 'https://encrypted-tbn0.gstatic.com/images?q=tbn:ANd9GcRaSjnPjlqisGpaWpZSQMann2A5McI-yIwtK66I87Kjcqf3P_zf', '1550', '', 3, ' dDetails about each item here  '),
(106, '3', 'restname1', 'item2', '5', 'https://encrypted-tbn0.gstatic.com/images?q=tbn:ANd9GcRgjvCHq1iKyGzsFev9ot4UxIDf42YbxjrllEDHq-bmn4ZnRd12', '150', '3', 1, ' dDetails about each item here  '),
(107, '3', 'restname1', 'item3', '5', 'http://dev.takepart.com/sites/default/files/styles/tp_gallery_slide/public/lutherddbig-itok=Xtgab0yg.jpg', '150', '', 1, ' dDetails about each item here  '),
(108, '3', 'restname1', 'item3', '5', 'http://dev.takepart.com/sites/default/files/styles/tp_gallery_slide/public/lutherddbig-itok=Xtgab0yg.jpg', '150', '', 1, ' dDetails about each item here  '),
(109, '3', 'restname1', 'item1', '5', 'https://encrypted-tbn0.gstatic.com/images?q=tbn:ANd9GcSCRYJgbd22j67YAsGaABVltgjwIgBPfdG9i3MV-7iC3P54vFvBqp2LkwA', '15', '', 1, ' dDetails about each item here  '),
(110, '3', 'restname1', 'item2', '5', 'https://encrypted-tbn0.gstatic.com/images?q=tbn:ANd9GcRgjvCHq1iKyGzsFev9ot4UxIDf42YbxjrllEDHq-bmn4ZnRd12', '15', '', 1, ' dDetails about each item here  '),
(111, '3', 'restname1', 'item1', '1', 'https://encrypted-tbn0.gstatic.com/images?q=tbn:ANd9GcSCRYJgbd22j67YAsGaABVltgjwIgBPfdG9i3MV-7iC3P54vFvBqp2LkwA', '150', '', 1, ' dDetails about each item here  '),
(112, '3', 'restname1', 'item2', '1', 'https://encrypted-tbn0.gstatic.com/images?q=tbn:ANd9GcRgjvCHq1iKyGzsFev9ot4UxIDf42YbxjrllEDHq-bmn4ZnRd12', '250', '', 2, ' dDetails about each item here  '),
(113, '3', 'restname1', 'item3', '1', 'http://dev.takepart.com/sites/default/files/styles/tp_gallery_slide/public/lutherddbig-itok=Xtgab0yg.jpg', '250', '1', 2, ' dDetails about each item here  '),
(114, '3', 'restname1', 'item4', '1', 'https://encrypted-tbn0.gstatic.com/images?q=tbn:ANd9GcQa5PAbj_myvF2GFaZqp-Trm9u0SW6GHrbw-pDO9Ckt7_RjxfG09w', '250', '', 2, ' dDetails about each item here  '),
(115, '3', 'restname1', 'item5', '6', 'https://encrypted-tbn0.gstatic.com/images?q=tbn:ANd9GcRaSjnPjlqisGpaWpZSQMann2A5McI-yIwtK66I87Kjcqf3P_zf', '250', '', 2, ' dDetails about each item here  '),
(116, '3', 'restname1', 'item6', '2', 'https://encrypted-tbn0.gstatic.com/images?q=tbn:ANd9GcSBewKk6Yi4pikguv3XejrS_cOQ-qSQ-OwDO1ZyfP3mkwDiO2sveg', '250', '', 2, ' dDetails about each item here  '),
(117, '3', 'restname1', 'item1', '2', 'https://encrypted-tbn0.gstatic.com/images?q=tbn:ANd9GcSCRYJgbd22j67YAsGaABVltgjwIgBPfdG9i3MV-7iC3P54vFvBqp2LkwA', '550', '', 1, ' dDetails about each item here  '),
(118, '3', 'restname1', 'item5', '3', 'https://encrypted-tbn0.gstatic.com/images?q=tbn:ANd9GcRaSjnPjlqisGpaWpZSQMann2A5McI-yIwtK66I87Kjcqf3P_zf', '550', '4', 1, ' dDetails about each item here  '),
(119, '3', 'restname1', 'item4', '3', 'https://encrypted-tbn0.gstatic.com/images?q=tbn:ANd9GcQa5PAbj_myvF2GFaZqp-Trm9u0SW6GHrbw-pDO9Ckt7_RjxfG09w', '550', '', 1, ' dDetails about each item here  '),
(120, '3', 'restname1', 'item3', '4', 'http://dev.takepart.com/sites/default/files/styles/tp_gallery_slide/public/lutherddbig-itok=Xtgab0yg.jpg', '550', '', 1, ' dDetails about each item here  '),
(121, '3', 'restname1', 'item2', '7', 'https://encrypted-tbn0.gstatic.com/images?q=tbn:ANd9GcRgjvCHq1iKyGzsFev9ot4UxIDf42YbxjrllEDHq-bmn4ZnRd12', '550', '2', 1, ' dDetails about each item here  '),
(122, '3', 'restname1', 'item1', '7', 'https://encrypted-tbn0.gstatic.com/images?q=tbn:ANd9GcSCRYJgbd22j67YAsGaABVltgjwIgBPfdG9i3MV-7iC3P54vFvBqp2LkwA', '550', '', 1, ' dDetails about each item here  '),
(123, '3', 'restname1', 'item1', '7', 'https://encrypted-tbn0.gstatic.com/images?q=tbn:ANd9GcSCRYJgbd22j67YAsGaABVltgjwIgBPfdG9i3MV-7iC3P54vFvBqp2LkwA', '1550', '', 3, ' dDetails about each item here  '),
(124, '3', 'restname1', 'item2', '7', 'https://encrypted-tbn0.gstatic.com/images?q=tbn:ANd9GcRgjvCHq1iKyGzsFev9ot4UxIDf42YbxjrllEDHq-bmn4ZnRd12', '1550', '5', 3, ' dDetails about each item here  '),
(125, '3', 'restname1', 'item3', '8', 'http://dev.takepart.com/sites/default/files/styles/tp_gallery_slide/public/lutherddbig-itok=Xtgab0yg.jpg', '1550', '', 3, ' dDetails about each item here  '),
(126, '3', 'restname1', 'item4', '4', 'https://encrypted-tbn0.gstatic.com/images?q=tbn:ANd9GcQa5PAbj_myvF2GFaZqp-Trm9u0SW6GHrbw-pDO9Ckt7_RjxfG09w', '1550', '', 3, ' dDetails about each item here  '),
(127, '3', 'restname1', 'item5', '4', 'https://encrypted-tbn0.gstatic.com/images?q=tbn:ANd9GcRaSjnPjlqisGpaWpZSQMann2A5McI-yIwtK66I87Kjcqf3P_zf', '1550', '', 3, ' dDetails about each item here  '),
(128, '3', 'restname1', 'item2', '5', 'https://encrypted-tbn0.gstatic.com/images?q=tbn:ANd9GcRgjvCHq1iKyGzsFev9ot4UxIDf42YbxjrllEDHq-bmn4ZnRd12', '150', '3', 1, ' dDetails about each item here  '),
(129, '3', 'restname1', 'item3', '5', 'http://dev.takepart.com/sites/default/files/styles/tp_gallery_slide/public/lutherddbig-itok=Xtgab0yg.jpg', '150', '', 1, ' dDetails about each item here  '),
(130, '3', 'restname1', 'item3', '5', 'http://dev.takepart.com/sites/default/files/styles/tp_gallery_slide/public/lutherddbig-itok=Xtgab0yg.jpg', '150', '', 1, ' dDetails about each item here  '),
(131, '3', 'restname1', 'item1', '5', 'https://encrypted-tbn0.gstatic.com/images?q=tbn:ANd9GcSCRYJgbd22j67YAsGaABVltgjwIgBPfdG9i3MV-7iC3P54vFvBqp2LkwA', '15', '', 1, ' dDetails about each item here  '),
(132, '3', 'restname1', 'item2', '5', 'https://encrypted-tbn0.gstatic.com/images?q=tbn:ANd9GcRgjvCHq1iKyGzsFev9ot4UxIDf42YbxjrllEDHq-bmn4ZnRd12', '15', '', 1, ' dDetails about each item here  '),
(133, '3', 'restname1', 'item1', '1', 'https://encrypted-tbn0.gstatic.com/images?q=tbn:ANd9GcSCRYJgbd22j67YAsGaABVltgjwIgBPfdG9i3MV-7iC3P54vFvBqp2LkwA', '150', '', 1, ' dDetails about each item here  '),
(134, '3', 'restname1', 'item2', '1', 'https://encrypted-tbn0.gstatic.com/images?q=tbn:ANd9GcRgjvCHq1iKyGzsFev9ot4UxIDf42YbxjrllEDHq-bmn4ZnRd12', '250', '', 2, ' dDetails about each item here  '),
(135, '3', 'restname1', 'item3', '1', 'http://dev.takepart.com/sites/default/files/styles/tp_gallery_slide/public/lutherddbig-itok=Xtgab0yg.jpg', '250', '1', 2, ' dDetails about each item here  '),
(136, '3', 'restname1', 'item4', '1', 'https://encrypted-tbn0.gstatic.com/images?q=tbn:ANd9GcQa5PAbj_myvF2GFaZqp-Trm9u0SW6GHrbw-pDO9Ckt7_RjxfG09w', '250', '', 2, ' dDetails about each item here  '),
(137, '3', 'restname1', 'item5', '6', 'https://encrypted-tbn0.gstatic.com/images?q=tbn:ANd9GcRaSjnPjlqisGpaWpZSQMann2A5McI-yIwtK66I87Kjcqf3P_zf', '250', '', 2, ' dDetails about each item here  '),
(138, '3', 'restname1', 'item6', '2', 'https://encrypted-tbn0.gstatic.com/images?q=tbn:ANd9GcSBewKk6Yi4pikguv3XejrS_cOQ-qSQ-OwDO1ZyfP3mkwDiO2sveg', '250', '', 2, ' dDetails about each item here  '),
(139, '3', 'restname1', 'item1', '2', 'https://encrypted-tbn0.gstatic.com/images?q=tbn:ANd9GcSCRYJgbd22j67YAsGaABVltgjwIgBPfdG9i3MV-7iC3P54vFvBqp2LkwA', '550', '', 1, ' dDetails about each item here  '),
(140, '3', 'restname1', 'item5', '3', 'https://encrypted-tbn0.gstatic.com/images?q=tbn:ANd9GcRaSjnPjlqisGpaWpZSQMann2A5McI-yIwtK66I87Kjcqf3P_zf', '550', '4', 1, ' dDetails about each item here  '),
(141, '3', 'restname1', 'item4', '3', 'https://encrypted-tbn0.gstatic.com/images?q=tbn:ANd9GcQa5PAbj_myvF2GFaZqp-Trm9u0SW6GHrbw-pDO9Ckt7_RjxfG09w', '550', '', 1, ' dDetails about each item here  '),
(142, '3', 'restname1', 'item3', '4', 'http://dev.takepart.com/sites/default/files/styles/tp_gallery_slide/public/lutherddbig-itok=Xtgab0yg.jpg', '550', '', 1, ' dDetails about each item here  '),
(143, '3', 'restname1', 'item2', '7', 'https://encrypted-tbn0.gstatic.com/images?q=tbn:ANd9GcRgjvCHq1iKyGzsFev9ot4UxIDf42YbxjrllEDHq-bmn4ZnRd12', '550', '2', 1, ' dDetails about each item here  '),
(144, '3', 'restname1', 'item1', '7', 'https://encrypted-tbn0.gstatic.com/images?q=tbn:ANd9GcSCRYJgbd22j67YAsGaABVltgjwIgBPfdG9i3MV-7iC3P54vFvBqp2LkwA', '550', '', 1, ' dDetails about each item here  '),
(145, '3', 'restname1', 'item1', '7', 'https://encrypted-tbn0.gstatic.com/images?q=tbn:ANd9GcSCRYJgbd22j67YAsGaABVltgjwIgBPfdG9i3MV-7iC3P54vFvBqp2LkwA', '1550', '', 3, ' dDetails about each item here  '),
(146, '3', 'restname1', 'item2', '7', 'https://encrypted-tbn0.gstatic.com/images?q=tbn:ANd9GcRgjvCHq1iKyGzsFev9ot4UxIDf42YbxjrllEDHq-bmn4ZnRd12', '1550', '5', 3, ' dDetails about each item here  '),
(147, '3', 'restname1', 'item3', '8', 'http://dev.takepart.com/sites/default/files/styles/tp_gallery_slide/public/lutherddbig-itok=Xtgab0yg.jpg', '1550', '', 3, ' dDetails about each item here  '),
(148, '3', 'restname1', 'item4', '4', 'https://encrypted-tbn0.gstatic.com/images?q=tbn:ANd9GcQa5PAbj_myvF2GFaZqp-Trm9u0SW6GHrbw-pDO9Ckt7_RjxfG09w', '1550', '', 3, ' dDetails about each item here  '),
(149, '3', 'restname1', 'item5', '4', 'https://encrypted-tbn0.gstatic.com/images?q=tbn:ANd9GcRaSjnPjlqisGpaWpZSQMann2A5McI-yIwtK66I87Kjcqf3P_zf', '1550', '', 3, ' dDetails about each item here  '),
(150, '3', 'restname1', 'item2', '5', 'https://encrypted-tbn0.gstatic.com/images?q=tbn:ANd9GcRgjvCHq1iKyGzsFev9ot4UxIDf42YbxjrllEDHq-bmn4ZnRd12', '150', '3', 1, ' dDetails about each item here  '),
(151, '3', 'restname1', 'item3', '5', 'http://dev.takepart.com/sites/default/files/styles/tp_gallery_slide/public/lutherddbig-itok=Xtgab0yg.jpg', '150', '', 1, ' dDetails about each item here  '),
(152, '3', 'restname1', 'item3', '5', 'http://dev.takepart.com/sites/default/files/styles/tp_gallery_slide/public/lutherddbig-itok=Xtgab0yg.jpg', '150', '', 1, ' dDetails about each item here  '),
(153, '3', 'restname1', 'item1', '5', 'https://encrypted-tbn0.gstatic.com/images?q=tbn:ANd9GcSCRYJgbd22j67YAsGaABVltgjwIgBPfdG9i3MV-7iC3P54vFvBqp2LkwA', '15', '', 1, ' dDetails about each item here  '),
(154, '3', 'restname1', 'item2', '5', 'https://encrypted-tbn0.gstatic.com/images?q=tbn:ANd9GcRgjvCHq1iKyGzsFev9ot4UxIDf42YbxjrllEDHq-bmn4ZnRd12', '15', '', 1, ' dDetails about each item here  '),
(155, '3', 'restname1', 'item1', '1', 'https://encrypted-tbn0.gstatic.com/images?q=tbn:ANd9GcSCRYJgbd22j67YAsGaABVltgjwIgBPfdG9i3MV-7iC3P54vFvBqp2LkwA', '150', '', 1, ' dDetails about each item here  '),
(156, '3', 'restname1', 'item2', '1', 'https://encrypted-tbn0.gstatic.com/images?q=tbn:ANd9GcRgjvCHq1iKyGzsFev9ot4UxIDf42YbxjrllEDHq-bmn4ZnRd12', '250', '', 2, ' dDetails about each item here  '),
(157, '3', 'restname1', 'item3', '1', 'http://dev.takepart.com/sites/default/files/styles/tp_gallery_slide/public/lutherddbig-itok=Xtgab0yg.jpg', '250', '1', 2, ' dDetails about each item here  '),
(158, '3', 'restname1', 'item4', '1', 'https://encrypted-tbn0.gstatic.com/images?q=tbn:ANd9GcQa5PAbj_myvF2GFaZqp-Trm9u0SW6GHrbw-pDO9Ckt7_RjxfG09w', '250', '', 2, ' dDetails about each item here  '),
(159, '3', 'restname1', 'item5', '6', 'https://encrypted-tbn0.gstatic.com/images?q=tbn:ANd9GcRaSjnPjlqisGpaWpZSQMann2A5McI-yIwtK66I87Kjcqf3P_zf', '250', '', 2, ' dDetails about each item here  '),
(160, '3', 'restname1', 'item6', '2', 'https://encrypted-tbn0.gstatic.com/images?q=tbn:ANd9GcSBewKk6Yi4pikguv3XejrS_cOQ-qSQ-OwDO1ZyfP3mkwDiO2sveg', '250', '', 2, ' dDetails about each item here  '),
(161, '3', 'restname1', 'item1', '2', 'https://encrypted-tbn0.gstatic.com/images?q=tbn:ANd9GcSCRYJgbd22j67YAsGaABVltgjwIgBPfdG9i3MV-7iC3P54vFvBqp2LkwA', '550', '', 1, ' dDetails about each item here  '),
(162, '3', 'restname1', 'item5', '3', 'https://encrypted-tbn0.gstatic.com/images?q=tbn:ANd9GcRaSjnPjlqisGpaWpZSQMann2A5McI-yIwtK66I87Kjcqf3P_zf', '550', '4', 1, ' dDetails about each item here  '),
(163, '3', 'restname1', 'item4', '3', 'https://encrypted-tbn0.gstatic.com/images?q=tbn:ANd9GcQa5PAbj_myvF2GFaZqp-Trm9u0SW6GHrbw-pDO9Ckt7_RjxfG09w', '550', '', 1, ' dDetails about each item here  '),
(164, '3', 'restname1', 'item3', '4', 'http://dev.takepart.com/sites/default/files/styles/tp_gallery_slide/public/lutherddbig-itok=Xtgab0yg.jpg', '550', '', 1, ' dDetails about each item here  '),
(165, '3', 'restname1', 'item2', '7', 'https://encrypted-tbn0.gstatic.com/images?q=tbn:ANd9GcRgjvCHq1iKyGzsFev9ot4UxIDf42YbxjrllEDHq-bmn4ZnRd12', '550', '2', 1, ' dDetails about each item here  '),
(166, '3', 'restname1', 'item1', '7', 'https://encrypted-tbn0.gstatic.com/images?q=tbn:ANd9GcSCRYJgbd22j67YAsGaABVltgjwIgBPfdG9i3MV-7iC3P54vFvBqp2LkwA', '550', '', 1, ' dDetails about each item here  '),
(167, '3', 'restname1', 'item1', '7', 'https://encrypted-tbn0.gstatic.com/images?q=tbn:ANd9GcSCRYJgbd22j67YAsGaABVltgjwIgBPfdG9i3MV-7iC3P54vFvBqp2LkwA', '1550', '', 3, ' dDetails about each item here  '),
(168, '3', 'restname1', 'item2', '7', 'https://encrypted-tbn0.gstatic.com/images?q=tbn:ANd9GcRgjvCHq1iKyGzsFev9ot4UxIDf42YbxjrllEDHq-bmn4ZnRd12', '1550', '5', 3, ' dDetails about each item here  '),
(169, '3', 'restname1', 'item3', '8', 'http://dev.takepart.com/sites/default/files/styles/tp_gallery_slide/public/lutherddbig-itok=Xtgab0yg.jpg', '1550', '', 3, ' dDetails about each item here  '),
(170, '3', 'restname1', 'item4', '4', 'https://encrypted-tbn0.gstatic.com/images?q=tbn:ANd9GcQa5PAbj_myvF2GFaZqp-Trm9u0SW6GHrbw-pDO9Ckt7_RjxfG09w', '1550', '', 3, ' dDetails about each item here  '),
(171, '3', 'restname1', 'item5', '4', 'https://encrypted-tbn0.gstatic.com/images?q=tbn:ANd9GcRaSjnPjlqisGpaWpZSQMann2A5McI-yIwtK66I87Kjcqf3P_zf', '1550', '', 3, ' dDetails about each item here  '),
(172, '3', 'restname1', 'item2', '5', 'https://encrypted-tbn0.gstatic.com/images?q=tbn:ANd9GcRgjvCHq1iKyGzsFev9ot4UxIDf42YbxjrllEDHq-bmn4ZnRd12', '150', '3', 1, ' dDetails about each item here  '),
(173, '3', 'restname1', 'item3', '5', 'http://dev.takepart.com/sites/default/files/styles/tp_gallery_slide/public/lutherddbig-itok=Xtgab0yg.jpg', '150', '', 1, ' dDetails about each item here  '),
(174, '3', 'restname1', 'item3', '5', 'http://dev.takepart.com/sites/default/files/styles/tp_gallery_slide/public/lutherddbig-itok=Xtgab0yg.jpg', '150', '', 1, ' dDetails about each item here  '),
(175, '3', 'restname1', 'item1', '5', 'https://encrypted-tbn0.gstatic.com/images?q=tbn:ANd9GcSCRYJgbd22j67YAsGaABVltgjwIgBPfdG9i3MV-7iC3P54vFvBqp2LkwA', '15', '', 1, ' dDetails about each item here  '),
(176, '3', 'restname1', 'item2', '5', 'https://encrypted-tbn0.gstatic.com/images?q=tbn:ANd9GcRgjvCHq1iKyGzsFev9ot4UxIDf42YbxjrllEDHq-bmn4ZnRd12', '15', '', 1, ' dDetails about each item here  '),
(177, '3', 'restname1', 'item1', '1', 'https://encrypted-tbn0.gstatic.com/images?q=tbn:ANd9GcSCRYJgbd22j67YAsGaABVltgjwIgBPfdG9i3MV-7iC3P54vFvBqp2LkwA', '150', '', 1, ' dDetails about each item here  '),
(178, '3', 'restname1', 'item2', '1', 'https://encrypted-tbn0.gstatic.com/images?q=tbn:ANd9GcRgjvCHq1iKyGzsFev9ot4UxIDf42YbxjrllEDHq-bmn4ZnRd12', '250', '', 2, ' dDetails about each item here  '),
(179, '3', 'restname1', 'item3', '1', 'http://dev.takepart.com/sites/default/files/styles/tp_gallery_slide/public/lutherddbig-itok=Xtgab0yg.jpg', '250', '1', 2, ' dDetails about each item here  '),
(180, '3', 'restname1', 'item4', '1', 'https://encrypted-tbn0.gstatic.com/images?q=tbn:ANd9GcQa5PAbj_myvF2GFaZqp-Trm9u0SW6GHrbw-pDO9Ckt7_RjxfG09w', '250', '', 2, ' dDetails about each item here  '),
(181, '3', 'restname1', 'item5', '6', 'https://encrypted-tbn0.gstatic.com/images?q=tbn:ANd9GcRaSjnPjlqisGpaWpZSQMann2A5McI-yIwtK66I87Kjcqf3P_zf', '250', '', 2, ' dDetails about each item here  '),
(182, '3', 'restname1', 'item6', '2', 'https://encrypted-tbn0.gstatic.com/images?q=tbn:ANd9GcSBewKk6Yi4pikguv3XejrS_cOQ-qSQ-OwDO1ZyfP3mkwDiO2sveg', '250', '', 2, ' dDetails about each item here  '),
(183, '3', 'restname1', 'item1', '2', 'https://encrypted-tbn0.gstatic.com/images?q=tbn:ANd9GcSCRYJgbd22j67YAsGaABVltgjwIgBPfdG9i3MV-7iC3P54vFvBqp2LkwA', '550', '', 1, ' dDetails about each item here  '),
(184, '3', 'restname1', 'item5', '3', 'https://encrypted-tbn0.gstatic.com/images?q=tbn:ANd9GcRaSjnPjlqisGpaWpZSQMann2A5McI-yIwtK66I87Kjcqf3P_zf', '550', '4', 1, ' dDetails about each item here  '),
(185, '3', 'restname1', 'item4', '3', 'https://encrypted-tbn0.gstatic.com/images?q=tbn:ANd9GcQa5PAbj_myvF2GFaZqp-Trm9u0SW6GHrbw-pDO9Ckt7_RjxfG09w', '550', '', 1, ' dDetails about each item here  '),
(186, '3', 'restname1', 'item3', '4', 'http://dev.takepart.com/sites/default/files/styles/tp_gallery_slide/public/lutherddbig-itok=Xtgab0yg.jpg', '550', '', 1, ' dDetails about each item here  '),
(187, '3', 'restname1', 'item2', '7', 'https://encrypted-tbn0.gstatic.com/images?q=tbn:ANd9GcRgjvCHq1iKyGzsFev9ot4UxIDf42YbxjrllEDHq-bmn4ZnRd12', '550', '2', 1, ' dDetails about each item here  '),
(188, '3', 'restname1', 'item1', '7', 'https://encrypted-tbn0.gstatic.com/images?q=tbn:ANd9GcSCRYJgbd22j67YAsGaABVltgjwIgBPfdG9i3MV-7iC3P54vFvBqp2LkwA', '550', '', 1, ' dDetails about each item here  '),
(189, '3', 'restname1', 'item1', '7', 'https://encrypted-tbn0.gstatic.com/images?q=tbn:ANd9GcSCRYJgbd22j67YAsGaABVltgjwIgBPfdG9i3MV-7iC3P54vFvBqp2LkwA', '1550', '', 3, ' dDetails about each item here  '),
(190, '3', 'restname1', 'item2', '7', 'https://encrypted-tbn0.gstatic.com/images?q=tbn:ANd9GcRgjvCHq1iKyGzsFev9ot4UxIDf42YbxjrllEDHq-bmn4ZnRd12', '1550', '5', 3, ' dDetails about each item here  '),
(191, '3', 'restname1', 'item3', '8', 'http://dev.takepart.com/sites/default/files/styles/tp_gallery_slide/public/lutherddbig-itok=Xtgab0yg.jpg', '1550', '', 3, ' dDetails about each item here  '),
(192, '3', 'restname1', 'item4', '4', 'https://encrypted-tbn0.gstatic.com/images?q=tbn:ANd9GcQa5PAbj_myvF2GFaZqp-Trm9u0SW6GHrbw-pDO9Ckt7_RjxfG09w', '1550', '', 3, ' dDetails about each item here  '),
(193, '3', 'restname1', 'item5', '4', 'https://encrypted-tbn0.gstatic.com/images?q=tbn:ANd9GcRaSjnPjlqisGpaWpZSQMann2A5McI-yIwtK66I87Kjcqf3P_zf', '1550', '', 3, ' dDetails about each item here  '),
(194, '3', 'restname1', 'item2', '5', 'https://encrypted-tbn0.gstatic.com/images?q=tbn:ANd9GcRgjvCHq1iKyGzsFev9ot4UxIDf42YbxjrllEDHq-bmn4ZnRd12', '150', '3', 1, ' dDetails about each item here  '),
(195, '3', 'restname1', 'item3', '5', 'http://dev.takepart.com/sites/default/files/styles/tp_gallery_slide/public/lutherddbig-itok=Xtgab0yg.jpg', '150', '', 1, ' dDetails about each item here  '),
(196, '3', 'restname1', 'item3', '5', 'http://dev.takepart.com/sites/default/files/styles/tp_gallery_slide/public/lutherddbig-itok=Xtgab0yg.jpg', '150', '', 1, ' dDetails about each item here  '),
(197, '3', 'restname1', 'item1', '5', 'https://encrypted-tbn0.gstatic.com/images?q=tbn:ANd9GcSCRYJgbd22j67YAsGaABVltgjwIgBPfdG9i3MV-7iC3P54vFvBqp2LkwA', '15', '', 1, ' dDetails about each item here  '),
(198, '3', 'restname1', 'item2', '5', 'https://encrypted-tbn0.gstatic.com/images?q=tbn:ANd9GcRgjvCHq1iKyGzsFev9ot4UxIDf42YbxjrllEDHq-bmn4ZnRd12', '15', '', 1, ' dDetails about each item here  '),
(199, '3', 'restname1', 'item1', '1', 'https://encrypted-tbn0.gstatic.com/images?q=tbn:ANd9GcSCRYJgbd22j67YAsGaABVltgjwIgBPfdG9i3MV-7iC3P54vFvBqp2LkwA', '150', '', 1, ' dDetails about each item here  '),
(200, '3', 'restname1', 'item2', '1', 'https://encrypted-tbn0.gstatic.com/images?q=tbn:ANd9GcRgjvCHq1iKyGzsFev9ot4UxIDf42YbxjrllEDHq-bmn4ZnRd12', '250', '', 2, ' dDetails about each item here  '),
(201, '3', 'restname1', 'item3', '1', 'http://dev.takepart.com/sites/default/files/styles/tp_gallery_slide/public/lutherddbig-itok=Xtgab0yg.jpg', '250', '1', 2, ' dDetails about each item here  '),
(202, '3', 'restname1', 'item4', '1', 'https://encrypted-tbn0.gstatic.com/images?q=tbn:ANd9GcQa5PAbj_myvF2GFaZqp-Trm9u0SW6GHrbw-pDO9Ckt7_RjxfG09w', '250', '', 2, ' dDetails about each item here  '),
(203, '3', 'restname1', 'item5', '6', 'https://encrypted-tbn0.gstatic.com/images?q=tbn:ANd9GcRaSjnPjlqisGpaWpZSQMann2A5McI-yIwtK66I87Kjcqf3P_zf', '250', '', 2, ' dDetails about each item here  '),
(204, '3', 'restname1', 'item6', '2', 'https://encrypted-tbn0.gstatic.com/images?q=tbn:ANd9GcSBewKk6Yi4pikguv3XejrS_cOQ-qSQ-OwDO1ZyfP3mkwDiO2sveg', '250', '', 2, ' dDetails about each item here  '),
(205, '3', 'restname1', 'item1', '2', 'https://encrypted-tbn0.gstatic.com/images?q=tbn:ANd9GcSCRYJgbd22j67YAsGaABVltgjwIgBPfdG9i3MV-7iC3P54vFvBqp2LkwA', '550', '', 1, ' dDetails about each item here  '),
(206, '3', 'restname1', 'item5', '3', 'https://encrypted-tbn0.gstatic.com/images?q=tbn:ANd9GcRaSjnPjlqisGpaWpZSQMann2A5McI-yIwtK66I87Kjcqf3P_zf', '550', '4', 1, ' dDetails about each item here  '),
(207, '3', 'restname1', 'item4', '3', 'https://encrypted-tbn0.gstatic.com/images?q=tbn:ANd9GcQa5PAbj_myvF2GFaZqp-Trm9u0SW6GHrbw-pDO9Ckt7_RjxfG09w', '550', '', 1, ' dDetails about each item here  '),
(208, '3', 'restname1', 'item3', '4', 'http://dev.takepart.com/sites/default/files/styles/tp_gallery_slide/public/lutherddbig-itok=Xtgab0yg.jpg', '550', '', 1, ' dDetails about each item here  '),
(209, '3', 'restname1', 'item2', '7', 'https://encrypted-tbn0.gstatic.com/images?q=tbn:ANd9GcRgjvCHq1iKyGzsFev9ot4UxIDf42YbxjrllEDHq-bmn4ZnRd12', '550', '2', 1, ' dDetails about each item here  '),
(210, '3', 'restname1', 'item1', '7', 'https://encrypted-tbn0.gstatic.com/images?q=tbn:ANd9GcSCRYJgbd22j67YAsGaABVltgjwIgBPfdG9i3MV-7iC3P54vFvBqp2LkwA', '550', '', 1, ' dDetails about each item here  '),
(211, '3', 'restname1', 'item1', '7', 'https://encrypted-tbn0.gstatic.com/images?q=tbn:ANd9GcSCRYJgbd22j67YAsGaABVltgjwIgBPfdG9i3MV-7iC3P54vFvBqp2LkwA', '1550', '', 3, ' dDetails about each item here  '),
(212, '3', 'restname1', 'item2', '7', 'https://encrypted-tbn0.gstatic.com/images?q=tbn:ANd9GcRgjvCHq1iKyGzsFev9ot4UxIDf42YbxjrllEDHq-bmn4ZnRd12', '1550', '5', 3, ' dDetails about each item here  '),
(213, '3', 'restname1', 'item3', '8', 'http://dev.takepart.com/sites/default/files/styles/tp_gallery_slide/public/lutherddbig-itok=Xtgab0yg.jpg', '1550', '', 3, ' dDetails about each item here  '),
(214, '3', 'restname1', 'item4', '4', 'https://encrypted-tbn0.gstatic.com/images?q=tbn:ANd9GcQa5PAbj_myvF2GFaZqp-Trm9u0SW6GHrbw-pDO9Ckt7_RjxfG09w', '1550', '', 3, ' dDetails about each item here  '),
(215, '3', 'restname1', 'item5', '4', 'https://encrypted-tbn0.gstatic.com/images?q=tbn:ANd9GcRaSjnPjlqisGpaWpZSQMann2A5McI-yIwtK66I87Kjcqf3P_zf', '1550', '', 3, ' dDetails about each item here  '),
(216, '3', 'restname1', 'item2', '5', 'https://encrypted-tbn0.gstatic.com/images?q=tbn:ANd9GcRgjvCHq1iKyGzsFev9ot4UxIDf42YbxjrllEDHq-bmn4ZnRd12', '150', '3', 1, ' dDetails about each item here  '),
(217, '3', 'restname1', 'item3', '5', 'http://dev.takepart.com/sites/default/files/styles/tp_gallery_slide/public/lutherddbig-itok=Xtgab0yg.jpg', '150', '', 1, ' dDetails about each item here  '),
(218, '3', 'restname1', 'item3', '5', 'http://dev.takepart.com/sites/default/files/styles/tp_gallery_slide/public/lutherddbig-itok=Xtgab0yg.jpg', '150', '', 1, ' dDetails about each item here  '),
(219, '3', 'restname1', 'item1', '5', 'https://encrypted-tbn0.gstatic.com/images?q=tbn:ANd9GcSCRYJgbd22j67YAsGaABVltgjwIgBPfdG9i3MV-7iC3P54vFvBqp2LkwA', '15', '', 1, ' dDetails about each item here  '),
(220, '3', 'restname1', 'item2', '5', 'https://encrypted-tbn0.gstatic.com/images?q=tbn:ANd9GcRgjvCHq1iKyGzsFev9ot4UxIDf42YbxjrllEDHq-bmn4ZnRd12', '15', '', 1, ' dDetails about each item here  '),
(221, '3', 'restname1', 'item1', '1', 'https://encrypted-tbn0.gstatic.com/images?q=tbn:ANd9GcSCRYJgbd22j67YAsGaABVltgjwIgBPfdG9i3MV-7iC3P54vFvBqp2LkwA', '150', '', 1, ' dDetails about each item here  '),
(222, '3', 'restname1', 'item2', '1', 'https://encrypted-tbn0.gstatic.com/images?q=tbn:ANd9GcRgjvCHq1iKyGzsFev9ot4UxIDf42YbxjrllEDHq-bmn4ZnRd12', '250', '', 2, ' dDetails about each item here  '),
(223, '3', 'restname1', 'item3', '1', 'http://dev.takepart.com/sites/default/files/styles/tp_gallery_slide/public/lutherddbig-itok=Xtgab0yg.jpg', '250', '1', 2, ' dDetails about each item here  '),
(224, '3', 'restname1', 'item4', '1', 'https://encrypted-tbn0.gstatic.com/images?q=tbn:ANd9GcQa5PAbj_myvF2GFaZqp-Trm9u0SW6GHrbw-pDO9Ckt7_RjxfG09w', '250', '', 2, ' dDetails about each item here  '),
(225, '3', 'restname1', 'item5', '6', 'https://encrypted-tbn0.gstatic.com/images?q=tbn:ANd9GcRaSjnPjlqisGpaWpZSQMann2A5McI-yIwtK66I87Kjcqf3P_zf', '250', '', 2, ' dDetails about each item here  '),
(226, '3', 'restname1', 'item6', '2', 'https://encrypted-tbn0.gstatic.com/images?q=tbn:ANd9GcSBewKk6Yi4pikguv3XejrS_cOQ-qSQ-OwDO1ZyfP3mkwDiO2sveg', '250', '', 2, ' dDetails about each item here  '),
(227, '3', 'restname1', 'item1', '2', 'https://encrypted-tbn0.gstatic.com/images?q=tbn:ANd9GcSCRYJgbd22j67YAsGaABVltgjwIgBPfdG9i3MV-7iC3P54vFvBqp2LkwA', '550', '', 1, ' dDetails about each item here  '),
(228, '3', 'restname1', 'item5', '3', 'https://encrypted-tbn0.gstatic.com/images?q=tbn:ANd9GcRaSjnPjlqisGpaWpZSQMann2A5McI-yIwtK66I87Kjcqf3P_zf', '550', '4', 1, ' dDetails about each item here  '),
(229, '3', 'restname1', 'item4', '3', 'https://encrypted-tbn0.gstatic.com/images?q=tbn:ANd9GcQa5PAbj_myvF2GFaZqp-Trm9u0SW6GHrbw-pDO9Ckt7_RjxfG09w', '550', '', 1, ' dDetails about each item here  '),
(230, '3', 'restname1', 'item3', '4', 'http://dev.takepart.com/sites/default/files/styles/tp_gallery_slide/public/lutherddbig-itok=Xtgab0yg.jpg', '550', '', 1, ' dDetails about each item here  '),
(231, '3', 'restname1', 'item2', '7', 'https://encrypted-tbn0.gstatic.com/images?q=tbn:ANd9GcRgjvCHq1iKyGzsFev9ot4UxIDf42YbxjrllEDHq-bmn4ZnRd12', '550', '2', 1, ' dDetails about each item here  '),
(232, '3', 'restname1', 'item1', '7', 'https://encrypted-tbn0.gstatic.com/images?q=tbn:ANd9GcSCRYJgbd22j67YAsGaABVltgjwIgBPfdG9i3MV-7iC3P54vFvBqp2LkwA', '550', '', 1, ' dDetails about each item here  '),
(233, '3', 'restname1', 'item1', '7', 'https://encrypted-tbn0.gstatic.com/images?q=tbn:ANd9GcSCRYJgbd22j67YAsGaABVltgjwIgBPfdG9i3MV-7iC3P54vFvBqp2LkwA', '1550', '', 3, ' dDetails about each item here  '),
(234, '3', 'restname1', 'item2', '7', 'https://encrypted-tbn0.gstatic.com/images?q=tbn:ANd9GcRgjvCHq1iKyGzsFev9ot4UxIDf42YbxjrllEDHq-bmn4ZnRd12', '1550', '5', 3, ' dDetails about each item here  '),
(235, '3', 'restname1', 'item3', '8', 'http://dev.takepart.com/sites/default/files/styles/tp_gallery_slide/public/lutherddbig-itok=Xtgab0yg.jpg', '1550', '', 3, ' dDetails about each item here  '),
(236, '3', 'restname1', 'item4', '4', 'https://encrypted-tbn0.gstatic.com/images?q=tbn:ANd9GcQa5PAbj_myvF2GFaZqp-Trm9u0SW6GHrbw-pDO9Ckt7_RjxfG09w', '1550', '', 3, ' dDetails about each item here  '),
(237, '3', 'restname1', 'item5', '4', 'https://encrypted-tbn0.gstatic.com/images?q=tbn:ANd9GcRaSjnPjlqisGpaWpZSQMann2A5McI-yIwtK66I87Kjcqf3P_zf', '1550', '', 3, ' dDetails about each item here  '),
(238, '3', 'restname1', 'item2', '5', 'https://encrypted-tbn0.gstatic.com/images?q=tbn:ANd9GcRgjvCHq1iKyGzsFev9ot4UxIDf42YbxjrllEDHq-bmn4ZnRd12', '150', '3', 1, ' dDetails about each item here  '),
(239, '3', 'restname1', 'item3', '5', 'http://dev.takepart.com/sites/default/files/styles/tp_gallery_slide/public/lutherddbig-itok=Xtgab0yg.jpg', '150', '', 1, ' dDetails about each item here  '),
(240, '3', 'restname1', 'item3', '5', 'http://dev.takepart.com/sites/default/files/styles/tp_gallery_slide/public/lutherddbig-itok=Xtgab0yg.jpg', '150', '', 1, ' dDetails about each item here  '),
(241, '3', 'restname1', 'item1', '5', 'https://encrypted-tbn0.gstatic.com/images?q=tbn:ANd9GcSCRYJgbd22j67YAsGaABVltgjwIgBPfdG9i3MV-7iC3P54vFvBqp2LkwA', '15', '', 1, ' dDetails about each item here  '),
(242, '3', 'restname1', 'item2', '5', 'https://encrypted-tbn0.gstatic.com/images?q=tbn:ANd9GcRgjvCHq1iKyGzsFev9ot4UxIDf42YbxjrllEDHq-bmn4ZnRd12', '15', '', 1, ' dDetails about each item here  '),
(243, '3', 'restname1', 'item1', '1', 'https://encrypted-tbn0.gstatic.com/images?q=tbn:ANd9GcSCRYJgbd22j67YAsGaABVltgjwIgBPfdG9i3MV-7iC3P54vFvBqp2LkwA', '150', '', 1, ' dDetails about each item here  '),
(244, '3', 'restname1', 'item2', '1', 'https://encrypted-tbn0.gstatic.com/images?q=tbn:ANd9GcRgjvCHq1iKyGzsFev9ot4UxIDf42YbxjrllEDHq-bmn4ZnRd12', '250', '', 2, ' dDetails about each item here  '),
(245, '3', 'restname1', 'item3', '1', 'http://dev.takepart.com/sites/default/files/styles/tp_gallery_slide/public/lutherddbig-itok=Xtgab0yg.jpg', '250', '1', 2, ' dDetails about each item here  '),
(246, '3', 'restname1', 'item4', '1', 'https://encrypted-tbn0.gstatic.com/images?q=tbn:ANd9GcQa5PAbj_myvF2GFaZqp-Trm9u0SW6GHrbw-pDO9Ckt7_RjxfG09w', '250', '', 2, ' dDetails about each item here  '),
(247, '3', 'restname1', 'item5', '6', 'https://encrypted-tbn0.gstatic.com/images?q=tbn:ANd9GcRaSjnPjlqisGpaWpZSQMann2A5McI-yIwtK66I87Kjcqf3P_zf', '250', '', 2, ' dDetails about each item here  '),
(248, '3', 'restname1', 'item6', '2', 'https://encrypted-tbn0.gstatic.com/images?q=tbn:ANd9GcSBewKk6Yi4pikguv3XejrS_cOQ-qSQ-OwDO1ZyfP3mkwDiO2sveg', '250', '', 2, ' dDetails about each item here  '),
(249, '3', 'restname1', 'item1', '2', 'https://encrypted-tbn0.gstatic.com/images?q=tbn:ANd9GcSCRYJgbd22j67YAsGaABVltgjwIgBPfdG9i3MV-7iC3P54vFvBqp2LkwA', '550', '', 1, ' dDetails about each item here  '),
(250, '3', 'restname1', 'item5', '3', 'https://encrypted-tbn0.gstatic.com/images?q=tbn:ANd9GcRaSjnPjlqisGpaWpZSQMann2A5McI-yIwtK66I87Kjcqf3P_zf', '550', '4', 1, ' dDetails about each item here  '),
(251, '3', 'restname1', 'item4', '3', 'https://encrypted-tbn0.gstatic.com/images?q=tbn:ANd9GcQa5PAbj_myvF2GFaZqp-Trm9u0SW6GHrbw-pDO9Ckt7_RjxfG09w', '550', '', 1, ' dDetails about each item here  '),
(252, '3', 'restname1', 'item3', '4', 'http://dev.takepart.com/sites/default/files/styles/tp_gallery_slide/public/lutherddbig-itok=Xtgab0yg.jpg', '550', '', 1, ' dDetails about each item here  '),
(253, '3', 'restname1', 'item2', '7', 'https://encrypted-tbn0.gstatic.com/images?q=tbn:ANd9GcRgjvCHq1iKyGzsFev9ot4UxIDf42YbxjrllEDHq-bmn4ZnRd12', '550', '2', 1, ' dDetails about each item here  ');
INSERT INTO `RestItems` (`ID`, `RestID`, `Name`, `ItemName`, `Cat`, `URL`, `price`, `top5`, `TIME`, `itemdetails`) VALUES
(254, '3', 'restname1', 'item1', '7', 'https://encrypted-tbn0.gstatic.com/images?q=tbn:ANd9GcSCRYJgbd22j67YAsGaABVltgjwIgBPfdG9i3MV-7iC3P54vFvBqp2LkwA', '550', '', 1, ' dDetails about each item here  '),
(255, '3', 'restname1', 'item1', '7', 'https://encrypted-tbn0.gstatic.com/images?q=tbn:ANd9GcSCRYJgbd22j67YAsGaABVltgjwIgBPfdG9i3MV-7iC3P54vFvBqp2LkwA', '1550', '', 3, ' dDetails about each item here  '),
(256, '3', 'restname1', 'item2', '7', 'https://encrypted-tbn0.gstatic.com/images?q=tbn:ANd9GcRgjvCHq1iKyGzsFev9ot4UxIDf42YbxjrllEDHq-bmn4ZnRd12', '1550', '5', 3, ' dDetails about each item here  '),
(257, '3', 'restname1', 'item3', '8', 'http://dev.takepart.com/sites/default/files/styles/tp_gallery_slide/public/lutherddbig-itok=Xtgab0yg.jpg', '1550', '', 3, ' dDetails about each item here  '),
(258, '3', 'restname1', 'item4', '4', 'https://encrypted-tbn0.gstatic.com/images?q=tbn:ANd9GcQa5PAbj_myvF2GFaZqp-Trm9u0SW6GHrbw-pDO9Ckt7_RjxfG09w', '1550', '', 3, ' dDetails about each item here  '),
(259, '3', 'restname1', 'item5', '4', 'https://encrypted-tbn0.gstatic.com/images?q=tbn:ANd9GcRaSjnPjlqisGpaWpZSQMann2A5McI-yIwtK66I87Kjcqf3P_zf', '1550', '', 3, ' dDetails about each item here  '),
(260, '3', 'restname1', 'item2', '5', 'https://encrypted-tbn0.gstatic.com/images?q=tbn:ANd9GcRgjvCHq1iKyGzsFev9ot4UxIDf42YbxjrllEDHq-bmn4ZnRd12', '150', '3', 1, ' dDetails about each item here  '),
(261, '3', 'restname1', 'item3', '5', 'http://dev.takepart.com/sites/default/files/styles/tp_gallery_slide/public/lutherddbig-itok=Xtgab0yg.jpg', '150', '', 1, ' dDetails about each item here  '),
(262, '3', 'restname1', 'item3', '5', 'http://dev.takepart.com/sites/default/files/styles/tp_gallery_slide/public/lutherddbig-itok=Xtgab0yg.jpg', '150', '', 1, ' dDetails about each item here  '),
(263, '3', 'restname1', 'item1', '5', 'https://encrypted-tbn0.gstatic.com/images?q=tbn:ANd9GcSCRYJgbd22j67YAsGaABVltgjwIgBPfdG9i3MV-7iC3P54vFvBqp2LkwA', '15', '', 1, ' dDetails about each item here  '),
(264, '3', 'restname1', 'item2', '5', 'https://encrypted-tbn0.gstatic.com/images?q=tbn:ANd9GcRgjvCHq1iKyGzsFev9ot4UxIDf42YbxjrllEDHq-bmn4ZnRd12', '15', '', 1, ' dDetails about each item here  '),
(265, '3', 'restname1', 'item1', '1', 'https://encrypted-tbn0.gstatic.com/images?q=tbn:ANd9GcSCRYJgbd22j67YAsGaABVltgjwIgBPfdG9i3MV-7iC3P54vFvBqp2LkwA', '150', '', 1, ' dDetails about each item here  '),
(266, '3', 'restname1', 'item2', '1', 'https://encrypted-tbn0.gstatic.com/images?q=tbn:ANd9GcRgjvCHq1iKyGzsFev9ot4UxIDf42YbxjrllEDHq-bmn4ZnRd12', '250', '', 2, ' dDetails about each item here  '),
(267, '3', 'restname1', 'item3', '1', 'http://dev.takepart.com/sites/default/files/styles/tp_gallery_slide/public/lutherddbig-itok=Xtgab0yg.jpg', '250', '1', 2, ' dDetails about each item here  '),
(268, '3', 'restname1', 'item4', '1', 'https://encrypted-tbn0.gstatic.com/images?q=tbn:ANd9GcQa5PAbj_myvF2GFaZqp-Trm9u0SW6GHrbw-pDO9Ckt7_RjxfG09w', '250', '', 2, ' dDetails about each item here  '),
(269, '3', 'restname1', 'item5', '6', 'https://encrypted-tbn0.gstatic.com/images?q=tbn:ANd9GcRaSjnPjlqisGpaWpZSQMann2A5McI-yIwtK66I87Kjcqf3P_zf', '250', '', 2, ' dDetails about each item here  '),
(270, '3', 'restname1', 'item6', '2', 'https://encrypted-tbn0.gstatic.com/images?q=tbn:ANd9GcSBewKk6Yi4pikguv3XejrS_cOQ-qSQ-OwDO1ZyfP3mkwDiO2sveg', '250', '', 2, ' dDetails about each item here  '),
(271, '3', 'restname1', 'item1', '2', 'https://encrypted-tbn0.gstatic.com/images?q=tbn:ANd9GcSCRYJgbd22j67YAsGaABVltgjwIgBPfdG9i3MV-7iC3P54vFvBqp2LkwA', '550', '', 1, ' dDetails about each item here  '),
(272, '3', 'restname1', 'item5', '3', 'https://encrypted-tbn0.gstatic.com/images?q=tbn:ANd9GcRaSjnPjlqisGpaWpZSQMann2A5McI-yIwtK66I87Kjcqf3P_zf', '550', '4', 1, ' dDetails about each item here  '),
(273, '3', 'restname1', 'item4', '3', 'https://encrypted-tbn0.gstatic.com/images?q=tbn:ANd9GcQa5PAbj_myvF2GFaZqp-Trm9u0SW6GHrbw-pDO9Ckt7_RjxfG09w', '550', '', 1, ' dDetails about each item here  '),
(274, '3', 'restname1', 'item3', '4', 'http://dev.takepart.com/sites/default/files/styles/tp_gallery_slide/public/lutherddbig-itok=Xtgab0yg.jpg', '550', '', 1, ' dDetails about each item here  '),
(275, '3', 'restname1', 'item2', '7', 'https://encrypted-tbn0.gstatic.com/images?q=tbn:ANd9GcRgjvCHq1iKyGzsFev9ot4UxIDf42YbxjrllEDHq-bmn4ZnRd12', '550', '2', 1, ' dDetails about each item here  '),
(276, '3', 'restname1', 'item1', '7', 'https://encrypted-tbn0.gstatic.com/images?q=tbn:ANd9GcSCRYJgbd22j67YAsGaABVltgjwIgBPfdG9i3MV-7iC3P54vFvBqp2LkwA', '550', '', 1, ' dDetails about each item here  '),
(277, '3', 'restname1', 'item1', '7', 'https://encrypted-tbn0.gstatic.com/images?q=tbn:ANd9GcSCRYJgbd22j67YAsGaABVltgjwIgBPfdG9i3MV-7iC3P54vFvBqp2LkwA', '1550', '', 3, ' dDetails about each item here  '),
(278, '3', 'restname1', 'item2', '7', 'https://encrypted-tbn0.gstatic.com/images?q=tbn:ANd9GcRgjvCHq1iKyGzsFev9ot4UxIDf42YbxjrllEDHq-bmn4ZnRd12', '1550', '5', 3, ' dDetails about each item here  '),
(279, '3', 'restname1', 'item3', '8', 'http://dev.takepart.com/sites/default/files/styles/tp_gallery_slide/public/lutherddbig-itok=Xtgab0yg.jpg', '1550', '', 3, ' dDetails about each item here  '),
(280, '3', 'restname1', 'item4', '4', 'https://encrypted-tbn0.gstatic.com/images?q=tbn:ANd9GcQa5PAbj_myvF2GFaZqp-Trm9u0SW6GHrbw-pDO9Ckt7_RjxfG09w', '1550', '', 3, ' dDetails about each item here  '),
(281, '3', 'restname1', 'item5', '4', 'https://encrypted-tbn0.gstatic.com/images?q=tbn:ANd9GcRaSjnPjlqisGpaWpZSQMann2A5McI-yIwtK66I87Kjcqf3P_zf', '1550', '', 3, ' dDetails about each item here  '),
(282, '3', 'restname1', 'item2', '5', 'https://encrypted-tbn0.gstatic.com/images?q=tbn:ANd9GcRgjvCHq1iKyGzsFev9ot4UxIDf42YbxjrllEDHq-bmn4ZnRd12', '150', '3', 1, ' dDetails about each item here  '),
(283, '3', 'restname1', 'item3', '5', 'http://dev.takepart.com/sites/default/files/styles/tp_gallery_slide/public/lutherddbig-itok=Xtgab0yg.jpg', '150', '', 1, ' dDetails about each item here  '),
(284, '3', 'restname1', 'item3', '5', 'http://dev.takepart.com/sites/default/files/styles/tp_gallery_slide/public/lutherddbig-itok=Xtgab0yg.jpg', '150', '', 1, ' dDetails about each item here  '),
(285, '3', 'restname1', 'item1', '5', 'https://encrypted-tbn0.gstatic.com/images?q=tbn:ANd9GcSCRYJgbd22j67YAsGaABVltgjwIgBPfdG9i3MV-7iC3P54vFvBqp2LkwA', '15', '', 1, ' dDetails about each item here  '),
(286, '3', 'restname1', 'item2', '5', 'https://encrypted-tbn0.gstatic.com/images?q=tbn:ANd9GcRgjvCHq1iKyGzsFev9ot4UxIDf42YbxjrllEDHq-bmn4ZnRd12', '15', '', 1, ' dDetails about each item here  '),
(287, '3', 'restname1', 'item1', '1', 'https://encrypted-tbn0.gstatic.com/images?q=tbn:ANd9GcSCRYJgbd22j67YAsGaABVltgjwIgBPfdG9i3MV-7iC3P54vFvBqp2LkwA', '150', '', 1, ' dDetails about each item here  '),
(288, '3', 'restname1', 'item2', '1', 'https://encrypted-tbn0.gstatic.com/images?q=tbn:ANd9GcRgjvCHq1iKyGzsFev9ot4UxIDf42YbxjrllEDHq-bmn4ZnRd12', '250', '', 2, ' dDetails about each item here  '),
(289, '3', 'restname1', 'item3', '1', 'http://dev.takepart.com/sites/default/files/styles/tp_gallery_slide/public/lutherddbig-itok=Xtgab0yg.jpg', '250', '1', 2, ' dDetails about each item here  '),
(290, '3', 'restname1', 'item4', '1', 'https://encrypted-tbn0.gstatic.com/images?q=tbn:ANd9GcQa5PAbj_myvF2GFaZqp-Trm9u0SW6GHrbw-pDO9Ckt7_RjxfG09w', '250', '', 2, ' dDetails about each item here  '),
(291, '3', 'restname1', 'item5', '6', 'https://encrypted-tbn0.gstatic.com/images?q=tbn:ANd9GcRaSjnPjlqisGpaWpZSQMann2A5McI-yIwtK66I87Kjcqf3P_zf', '250', '', 2, ' dDetails about each item here  '),
(292, '3', 'restname1', 'item6', '2', 'https://encrypted-tbn0.gstatic.com/images?q=tbn:ANd9GcSBewKk6Yi4pikguv3XejrS_cOQ-qSQ-OwDO1ZyfP3mkwDiO2sveg', '250', '', 2, ' dDetails about each item here  '),
(293, '3', 'restname1', 'item1', '2', 'https://encrypted-tbn0.gstatic.com/images?q=tbn:ANd9GcSCRYJgbd22j67YAsGaABVltgjwIgBPfdG9i3MV-7iC3P54vFvBqp2LkwA', '550', '', 1, ' dDetails about each item here  '),
(294, '3', 'restname1', 'item5', '3', 'https://encrypted-tbn0.gstatic.com/images?q=tbn:ANd9GcRaSjnPjlqisGpaWpZSQMann2A5McI-yIwtK66I87Kjcqf3P_zf', '550', '4', 1, ' dDetails about each item here  '),
(295, '3', 'restname1', 'item4', '3', 'https://encrypted-tbn0.gstatic.com/images?q=tbn:ANd9GcQa5PAbj_myvF2GFaZqp-Trm9u0SW6GHrbw-pDO9Ckt7_RjxfG09w', '550', '', 1, ' dDetails about each item here  '),
(296, '3', 'restname1', 'item3', '4', 'http://dev.takepart.com/sites/default/files/styles/tp_gallery_slide/public/lutherddbig-itok=Xtgab0yg.jpg', '550', '', 1, ' dDetails about each item here  '),
(297, '3', 'restname1', 'item2', '7', 'https://encrypted-tbn0.gstatic.com/images?q=tbn:ANd9GcRgjvCHq1iKyGzsFev9ot4UxIDf42YbxjrllEDHq-bmn4ZnRd12', '550', '2', 1, ' dDetails about each item here  '),
(298, '3', 'restname1', 'item1', '7', 'https://encrypted-tbn0.gstatic.com/images?q=tbn:ANd9GcSCRYJgbd22j67YAsGaABVltgjwIgBPfdG9i3MV-7iC3P54vFvBqp2LkwA', '550', '', 1, ' dDetails about each item here  '),
(299, '3', 'restname1', 'item1', '7', 'https://encrypted-tbn0.gstatic.com/images?q=tbn:ANd9GcSCRYJgbd22j67YAsGaABVltgjwIgBPfdG9i3MV-7iC3P54vFvBqp2LkwA', '1550', '', 3, ' dDetails about each item here  '),
(300, '3', 'restname1', 'item2', '7', 'https://encrypted-tbn0.gstatic.com/images?q=tbn:ANd9GcRgjvCHq1iKyGzsFev9ot4UxIDf42YbxjrllEDHq-bmn4ZnRd12', '1550', '5', 3, ' dDetails about each item here  '),
(301, '3', 'restname1', 'item3', '8', 'http://dev.takepart.com/sites/default/files/styles/tp_gallery_slide/public/lutherddbig-itok=Xtgab0yg.jpg', '1550', '', 3, ' dDetails about each item here  '),
(302, '3', 'restname1', 'item4', '4', 'https://encrypted-tbn0.gstatic.com/images?q=tbn:ANd9GcQa5PAbj_myvF2GFaZqp-Trm9u0SW6GHrbw-pDO9Ckt7_RjxfG09w', '1550', '', 3, ' dDetails about each item here  '),
(303, '3', 'restname1', 'item5', '4', 'https://encrypted-tbn0.gstatic.com/images?q=tbn:ANd9GcRaSjnPjlqisGpaWpZSQMann2A5McI-yIwtK66I87Kjcqf3P_zf', '1550', '', 3, ' dDetails about each item here  '),
(304, '3', 'restname1', 'item2', '5', 'https://encrypted-tbn0.gstatic.com/images?q=tbn:ANd9GcRgjvCHq1iKyGzsFev9ot4UxIDf42YbxjrllEDHq-bmn4ZnRd12', '150', '3', 1, ' dDetails about each item here  '),
(305, '3', 'restname1', 'item3', '5', 'http://dev.takepart.com/sites/default/files/styles/tp_gallery_slide/public/lutherddbig-itok=Xtgab0yg.jpg', '150', '', 1, ' dDetails about each item here  '),
(306, '3', 'restname1', 'item3', '5', 'http://dev.takepart.com/sites/default/files/styles/tp_gallery_slide/public/lutherddbig-itok=Xtgab0yg.jpg', '150', '', 1, ' dDetails about each item here  '),
(307, '3', 'restname1', 'item1', '5', 'https://encrypted-tbn0.gstatic.com/images?q=tbn:ANd9GcSCRYJgbd22j67YAsGaABVltgjwIgBPfdG9i3MV-7iC3P54vFvBqp2LkwA', '15', '', 1, ' dDetails about each item here  '),
(308, '3', 'restname1', 'item2', '5', 'https://encrypted-tbn0.gstatic.com/images?q=tbn:ANd9GcRgjvCHq1iKyGzsFev9ot4UxIDf42YbxjrllEDHq-bmn4ZnRd12', '15', '', 1, ' dDetails about each item here  '),
(309, '3', 'restname1', 'item1', '1', 'https://encrypted-tbn0.gstatic.com/images?q=tbn:ANd9GcSCRYJgbd22j67YAsGaABVltgjwIgBPfdG9i3MV-7iC3P54vFvBqp2LkwA', '150', '', 1, ' dDetails about each item here  '),
(310, '1', 'restname1', 'item2', '1', 'https://encrypted-tbn0.gstatic.com/images?q=tbn:ANd9GcRgjvCHq1iKyGzsFev9ot4UxIDf42YbxjrllEDHq-bmn4ZnRd12', '250', '', 2, ' dDetails about each item here  '),
(311, '1', 'restname1', 'item3', '1', 'http://dev.takepart.com/sites/default/files/styles/tp_gallery_slide/public/lutherddbig-itok=Xtgab0yg.jpg', '250', '1', 2, ' dDetails about each item here  '),
(312, '1', 'restname1', 'item4', '1', 'https://encrypted-tbn0.gstatic.com/images?q=tbn:ANd9GcQa5PAbj_myvF2GFaZqp-Trm9u0SW6GHrbw-pDO9Ckt7_RjxfG09w', '250', '', 2, ' dDetails about each item here  '),
(313, '1', 'restname1', 'item5', '6', 'https://encrypted-tbn0.gstatic.com/images?q=tbn:ANd9GcRaSjnPjlqisGpaWpZSQMann2A5McI-yIwtK66I87Kjcqf3P_zf', '250', '', 2, ' dDetails about each item here  '),
(314, '1', 'restname1', 'item6', '2', 'https://encrypted-tbn0.gstatic.com/images?q=tbn:ANd9GcSBewKk6Yi4pikguv3XejrS_cOQ-qSQ-OwDO1ZyfP3mkwDiO2sveg', '250', '', 2, ' dDetails about each item here  '),
(315, '1', 'restname1', 'item1', '2', 'https://encrypted-tbn0.gstatic.com/images?q=tbn:ANd9GcSCRYJgbd22j67YAsGaABVltgjwIgBPfdG9i3MV-7iC3P54vFvBqp2LkwA', '550', '', 1, ' dDetails about each item here  '),
(316, '1', 'restname1', 'item5', '3', 'https://encrypted-tbn0.gstatic.com/images?q=tbn:ANd9GcRaSjnPjlqisGpaWpZSQMann2A5McI-yIwtK66I87Kjcqf3P_zf', '550', '4', 1, ' dDetails about each item here  '),
(317, '1', 'restname1', 'item4', '3', 'https://encrypted-tbn0.gstatic.com/images?q=tbn:ANd9GcQa5PAbj_myvF2GFaZqp-Trm9u0SW6GHrbw-pDO9Ckt7_RjxfG09w', '550', '', 1, ' dDetails about each item here  '),
(318, '1', 'restname1', 'item3', '4', 'http://dev.takepart.com/sites/default/files/styles/tp_gallery_slide/public/lutherddbig-itok=Xtgab0yg.jpg', '550', '', 1, ' dDetails about each item here  '),
(319, '1', 'restname1', 'item2', '7', 'https://encrypted-tbn0.gstatic.com/images?q=tbn:ANd9GcRgjvCHq1iKyGzsFev9ot4UxIDf42YbxjrllEDHq-bmn4ZnRd12', '550', '2', 1, ' dDetails about each item here  '),
(320, '1', 'restname1', 'item1', '7', 'https://encrypted-tbn0.gstatic.com/images?q=tbn:ANd9GcSCRYJgbd22j67YAsGaABVltgjwIgBPfdG9i3MV-7iC3P54vFvBqp2LkwA', '550', '', 1, ' dDetails about each item here  '),
(321, '1', 'restname1', 'item1', '7', 'https://encrypted-tbn0.gstatic.com/images?q=tbn:ANd9GcSCRYJgbd22j67YAsGaABVltgjwIgBPfdG9i3MV-7iC3P54vFvBqp2LkwA', '1550', '', 3, ' dDetails about each item here  '),
(322, '1', 'restname1', 'item2', '7', 'https://encrypted-tbn0.gstatic.com/images?q=tbn:ANd9GcRgjvCHq1iKyGzsFev9ot4UxIDf42YbxjrllEDHq-bmn4ZnRd12', '1550', '5', 3, ' dDetails about each item here  '),
(323, '1', 'restname1', 'item3', '8', 'http://dev.takepart.com/sites/default/files/styles/tp_gallery_slide/public/lutherddbig-itok=Xtgab0yg.jpg', '1550', '', 3, ' dDetails about each item here  '),
(324, '1', 'restname1', 'item4', '4', 'https://encrypted-tbn0.gstatic.com/images?q=tbn:ANd9GcQa5PAbj_myvF2GFaZqp-Trm9u0SW6GHrbw-pDO9Ckt7_RjxfG09w', '1550', '', 3, ' dDetails about each item here  '),
(325, '1', 'restname1', 'item5', '4', 'https://encrypted-tbn0.gstatic.com/images?q=tbn:ANd9GcRaSjnPjlqisGpaWpZSQMann2A5McI-yIwtK66I87Kjcqf3P_zf', '1550', '', 3, ' dDetails about each item here  '),
(326, '1', 'restname1', 'item2', '5', 'https://encrypted-tbn0.gstatic.com/images?q=tbn:ANd9GcRgjvCHq1iKyGzsFev9ot4UxIDf42YbxjrllEDHq-bmn4ZnRd12', '150', '3', 1, ' dDetails about each item here  '),
(327, '1', 'restname1', 'item3', '5', 'http://dev.takepart.com/sites/default/files/styles/tp_gallery_slide/public/lutherddbig-itok=Xtgab0yg.jpg', '150', '', 1, ' dDetails about each item here  '),
(328, '1', 'restname1', 'item3', '5', 'http://dev.takepart.com/sites/default/files/styles/tp_gallery_slide/public/lutherddbig-itok=Xtgab0yg.jpg', '150', '', 1, ' dDetails about each item here  '),
(329, '1', 'restname1', 'item1', '5', 'https://encrypted-tbn0.gstatic.com/images?q=tbn:ANd9GcSCRYJgbd22j67YAsGaABVltgjwIgBPfdG9i3MV-7iC3P54vFvBqp2LkwA', '15', '', 1, ' dDetails about each item here  '),
(330, '1', 'restname1', 'item2', '5', 'https://encrypted-tbn0.gstatic.com/images?q=tbn:ANd9GcRgjvCHq1iKyGzsFev9ot4UxIDf42YbxjrllEDHq-bmn4ZnRd12', '15', '', 1, ' dDetails about each item here  '),
(331, '1', 'restname1', 'item1', '1', 'https://encrypted-tbn0.gstatic.com/images?q=tbn:ANd9GcSCRYJgbd22j67YAsGaABVltgjwIgBPfdG9i3MV-7iC3P54vFvBqp2LkwA', '150', '', 1, ' dDetails about each item here  '),
(332, '1', 'restname1', 'item2', '1', 'https://encrypted-tbn0.gstatic.com/images?q=tbn:ANd9GcRgjvCHq1iKyGzsFev9ot4UxIDf42YbxjrllEDHq-bmn4ZnRd12', '250', '', 2, ' dDetails about each item here  '),
(333, '1', 'restname1', 'item3', '1', 'http://dev.takepart.com/sites/default/files/styles/tp_gallery_slide/public/lutherddbig-itok=Xtgab0yg.jpg', '250', '1', 2, ' dDetails about each item here  '),
(334, '1', 'restname1', 'item4', '1', 'https://encrypted-tbn0.gstatic.com/images?q=tbn:ANd9GcQa5PAbj_myvF2GFaZqp-Trm9u0SW6GHrbw-pDO9Ckt7_RjxfG09w', '250', '', 2, ' dDetails about each item here  '),
(335, '1', 'restname1', 'item5', '6', 'https://encrypted-tbn0.gstatic.com/images?q=tbn:ANd9GcRaSjnPjlqisGpaWpZSQMann2A5McI-yIwtK66I87Kjcqf3P_zf', '250', '', 2, ' dDetails about each item here  '),
(336, '1', 'restname1', 'item6', '2', 'https://encrypted-tbn0.gstatic.com/images?q=tbn:ANd9GcSBewKk6Yi4pikguv3XejrS_cOQ-qSQ-OwDO1ZyfP3mkwDiO2sveg', '250', '', 2, ' dDetails about each item here  '),
(337, '1', 'restname1', 'item1', '2', 'https://encrypted-tbn0.gstatic.com/images?q=tbn:ANd9GcSCRYJgbd22j67YAsGaABVltgjwIgBPfdG9i3MV-7iC3P54vFvBqp2LkwA', '550', '', 1, ' dDetails about each item here  '),
(338, '1', 'restname1', 'item5', '3', 'https://encrypted-tbn0.gstatic.com/images?q=tbn:ANd9GcRaSjnPjlqisGpaWpZSQMann2A5McI-yIwtK66I87Kjcqf3P_zf', '550', '4', 1, ' dDetails about each item here  '),
(339, '1', 'restname1', 'item4', '3', 'https://encrypted-tbn0.gstatic.com/images?q=tbn:ANd9GcQa5PAbj_myvF2GFaZqp-Trm9u0SW6GHrbw-pDO9Ckt7_RjxfG09w', '550', '', 1, ' dDetails about each item here  '),
(340, '1', 'restname1', 'item3', '4', 'http://dev.takepart.com/sites/default/files/styles/tp_gallery_slide/public/lutherddbig-itok=Xtgab0yg.jpg', '550', '', 1, ' dDetails about each item here  '),
(341, '1', 'restname1', 'item2', '7', 'https://encrypted-tbn0.gstatic.com/images?q=tbn:ANd9GcRgjvCHq1iKyGzsFev9ot4UxIDf42YbxjrllEDHq-bmn4ZnRd12', '550', '2', 1, ' dDetails about each item here  '),
(342, '1', 'restname1', 'item1', '7', 'https://encrypted-tbn0.gstatic.com/images?q=tbn:ANd9GcSCRYJgbd22j67YAsGaABVltgjwIgBPfdG9i3MV-7iC3P54vFvBqp2LkwA', '550', '', 1, ' dDetails about each item here  '),
(343, '1', 'restname1', 'item1', '7', 'https://encrypted-tbn0.gstatic.com/images?q=tbn:ANd9GcSCRYJgbd22j67YAsGaABVltgjwIgBPfdG9i3MV-7iC3P54vFvBqp2LkwA', '1550', '', 3, ' dDetails about each item here  '),
(344, '1', 'restname1', 'item2', '7', 'https://encrypted-tbn0.gstatic.com/images?q=tbn:ANd9GcRgjvCHq1iKyGzsFev9ot4UxIDf42YbxjrllEDHq-bmn4ZnRd12', '1550', '5', 3, ' dDetails about each item here  '),
(345, '1', 'restname1', 'item3', '8', 'http://dev.takepart.com/sites/default/files/styles/tp_gallery_slide/public/lutherddbig-itok=Xtgab0yg.jpg', '1550', '', 3, ' dDetails about each item here  '),
(346, '1', 'restname1', 'item4', '4', 'https://encrypted-tbn0.gstatic.com/images?q=tbn:ANd9GcQa5PAbj_myvF2GFaZqp-Trm9u0SW6GHrbw-pDO9Ckt7_RjxfG09w', '1550', '', 3, ' dDetails about each item here  '),
(347, '1', 'restname1', 'item5', '4', 'https://encrypted-tbn0.gstatic.com/images?q=tbn:ANd9GcRaSjnPjlqisGpaWpZSQMann2A5McI-yIwtK66I87Kjcqf3P_zf', '1550', '', 3, ' dDetails about each item here  '),
(348, '1', 'restname1', 'item2', '5', 'https://encrypted-tbn0.gstatic.com/images?q=tbn:ANd9GcRgjvCHq1iKyGzsFev9ot4UxIDf42YbxjrllEDHq-bmn4ZnRd12', '150', '3', 1, ' dDetails about each item here  '),
(349, '1', 'restname1', 'item3', '5', 'http://dev.takepart.com/sites/default/files/styles/tp_gallery_slide/public/lutherddbig-itok=Xtgab0yg.jpg', '150', '', 1, ' dDetails about each item here  '),
(350, '1', 'restname1', 'item3', '5', 'http://dev.takepart.com/sites/default/files/styles/tp_gallery_slide/public/lutherddbig-itok=Xtgab0yg.jpg', '150', '', 1, ' dDetails about each item here  '),
(351, '1', 'restname1', 'item1', '5', 'https://encrypted-tbn0.gstatic.com/images?q=tbn:ANd9GcSCRYJgbd22j67YAsGaABVltgjwIgBPfdG9i3MV-7iC3P54vFvBqp2LkwA', '15', '', 1, ' dDetails about each item here  '),
(352, '1', 'restname1', 'item2', '5', 'https://encrypted-tbn0.gstatic.com/images?q=tbn:ANd9GcRgjvCHq1iKyGzsFev9ot4UxIDf42YbxjrllEDHq-bmn4ZnRd12', '15', '', 1, ' dDetails about each item here  ');

/*!40101 SET CHARACTER_SET_CLIENT=@OLD_CHARACTER_SET_CLIENT */;
/*!40101 SET CHARACTER_SET_RESULTS=@OLD_CHARACTER_SET_RESULTS */;
/*!40101 SET COLLATION_CONNECTION=@OLD_COLLATION_CONNECTION */;
